start end pid
1 6 0
7 9 CS
9 14 1
20 22 CS
22 27 0
27 29 CS
29 34 2
34 36 CS
36 41 1
41 43 CS
43 48 0
48 50 CS
50 55 3
55 57 CS
57 62 2
62 64 CS
64 69 1
69 71 CS
71 76 4
76 78 CS
78 83 0
83 85 CS
85 90 5
90 92 CS
92 97 3
97 99 CS
99 104 2
104 106 CS
106 111 1
111 113 CS
113 118 6
118 120 CS
120 125 4
125 127 CS
127 132 0
132 134 CS
134 139 7
139 141 CS
141 146 5
146 148 CS
148 153 3
153 155 CS
155 160 2
160 162 CS
162 167 1
167 169 CS
169 174 6
174 176 CS
176 181 8
181 183 CS
183 188 4
188 190 CS
190 195 0
195 197 CS
197 202 9
202 204 CS
204 209 7
209 211 CS
211 216 10
216 218 CS
218 223 5
223 225 CS
225 230 3
230 232 CS
232 237 2
237 239 CS
239 244 11
244 246 CS
246 251 12
251 253 CS
253 258 1
258 260 CS
260 265 6
265 267 CS
267 272 8
272 274 CS
274 279 13
279 281 CS
281 286 4
286 288 CS
288 293 0
293 295 CS
295 300 9
300 302 CS
302 307 14
307 309 CS
309 314 7
314 316 CS
316 321 15
321 323 CS
323 328 10
328 330 CS
330 335 16
335 337 CS
337 342 5
342 344 CS
344 349 3
349 351 CS
351 356 17
356 358 CS
358 363 2
363 365 CS
365 370 18
370 372 CS
372 377 11
377 379 CS
379 384 12
384 386 CS
386 391 19
391 393 CS
393 398 1
398 400 CS
400 405 6
405 407 CS
407 412 20
412 414 CS
414 419 21
419 421 CS
421 426 8
426 428 CS
428 433 13
433 435 CS
435 440 22
440 442 CS
442 447 23
447 449 CS
449 454 4
454 456 CS
456 461 0
461 463 CS
463 468 9
468 470 CS
470 475 14
475 477 CS
477 482 24
482 484 CS
484 489 7
489 491 CS
491 496 25
496 498 CS
498 503 15
503 505 CS
505 510 10
510 512 CS
512 517 16
517 519 CS
519 524 26
524 526 CS
526 531 27
531 533 CS
533 538 5
538 540 CS
540 545 3
545 547 CS
547 552 17
552 554 CS
554 559 28
559 561 CS
561 566 29
566 568 CS
568 573 2
573 575 CS
575 580 18
580 582 CS
582 587 30
587 589 CS
589 594 11
594 596 CS
596 601 12
601 603 CS
603 608 31
608 610 CS
610 615 19
615 617 CS
617 622 32
622 624 CS
624 629 33
629 631 CS
631 636 1
636 638 CS
638 643 6
643 645 CS
645 650 34
650 652 CS
652 657 20
657 659 CS
659 664 36
664 666 CS
666 671 35
671 673 CS
673 678 21
678 680 CS
680 685 8
685 687 CS
687 692 37
692 694 CS
694 699 13
699 701 CS
701 706 38
706 708 CS
708 713 39
713 715 CS
715 720 22
720 722 CS
722 727 40
727 729 CS
729 734 23
734 736 CS
736 741 41
741 743 CS
743 748 4
748 750 CS
750 755 0
755 757 CS
757 762 42
762 764 CS
764 769 43
769 771 CS
771 776 44
776 778 CS
778 783 45
783 785 CS
785 790 9
790 792 CS
792 797 14
797 799 CS
799 804 46
804 806 CS
806 811 24
811 813 CS
813 818 47
818 820 CS
820 825 7
825 827 CS
827 832 25
832 834 CS
834 839 15
839 841 CS
841 846 10
846 848 CS
848 853 16
853 855 CS
855 860 48
860 862 CS
862 867 49
867 869 CS
869 874 26
874 876 CS
876 881 27
881 883 CS
883 888 50
888 890 CS
890 895 5
895 897 CS
897 902 3
902 904 CS
904 909 17
909 911 CS
911 916 51
916 918 CS
918 923 52
923 925 CS
925 930 28
930 932 CS
932 937 29
937 939 CS
939 944 53
944 946 CS
946 951 54
951 953 CS
953 958 2
958 960 CS
960 965 18
965 967 CS
967 972 30
972 974 CS
974 979 55
979 981 CS
981 986 11
986 988 CS
988 993 12
993 995 CS
995 1000 56
1000 1002 CS
1002 1007 31
1007 1009 CS
1009 1014 57
1014 1016 CS
1016 1021 19
1021 1023 CS
1023 1028 58
1028 1030 CS
1030 1035 59
1035 1037 CS
1037 1042 32
1042 1044 CS
1044 1049 33
1049 1051 CS
1051 1056 60
1056 1058 CS
1058 1063 1
1063 1065 CS
1065 1070 6
1070 1072 CS
1072 1077 34
1077 1079 CS
1079 1084 61
1084 1086 CS
1086 1091 20
1091 1093 CS
1093 1098 36
1098 1100 CS
1100 1105 35
1105 1107 CS
1107 1112 62
1112 1114 CS
1114 1119 63
1119 1121 CS
1121 1126 21
1126 1128 CS
1128 1133 8
1133 1135 CS
1135 1140 37
1140 1142 CS
1142 1147 64
1147 1149 CS
1149 1154 13
1154 1156 CS
1156 1161 65
1161 1163 CS
1163 1168 38
1168 1170 CS
1170 1175 39
1175 1177 CS
1177 1182 66
1182 1184 CS
1184 1189 67
1189 1191 CS
1191 1196 22
1196 1198 CS
1198 1203 68
1203 1205 CS
1205 1210 69
1210 1212 CS
1212 1217 40
1217 1219 CS
1219 1224 23
1224 1226 CS
1226 1231 70
1231 1233 CS
1233 1238 71
1238 1240 CS
1240 1245 41
1245 1247 CS
1247 1252 72
1252 1254 CS
1254 1259 74
1259 1261 CS
1261 1266 75
1266 1268 CS
1268 1273 73
1273 1275 CS
1275 1280 4
1280 1282 CS
1282 1287 0
1287 1289 CS
1289 1294 42
1294 1296 CS
1296 1301 76
1301 1303 CS
1303 1308 77
1308 1310 CS
1310 1315 43
1315 1317 CS
1317 1322 78
1322 1324 CS
1324 1329 79
1329 1331 CS
1331 1336 44
1336 1338 CS
1338 1343 45
1343 1345 CS
1345 1350 80
1350 1352 CS
1352 1357 81
1357 1359 CS
1359 1364 82
1364 1366 CS
1366 1371 9
1371 1373 CS
1373 1378 14
1378 1380 CS
1380 1385 46
1385 1387 CS
1387 1392 83
1392 1394 CS
1394 1399 84
1399 1401 CS
1401 1406 86
1406 1408 CS
1408 1413 85
1413 1415 CS
1415 1420 24
1420 1422 CS
1422 1427 87
1427 1429 CS
1429 1434 88
1434 1436 CS
1436 1441 89
1441 1443 CS
1443 1448 47
1448 1450 CS
1450 1455 7
1455 1457 CS
1457 1462 25
1462 1464 CS
1464 1469 90
1469 1471 CS
1471 1476 91
1476 1478 CS
1478 1483 93
1483 1485 CS
1485 1490 92
1490 1492 CS
1492 1497 15
1497 1499 CS
1499 1504 94
1504 1506 CS
1506 1511 95
1511 1513 CS
1513 1518 10
1518 1520 CS
1520 1525 16
1525 1527 CS
1527 1532 48
1532 1534 CS
1534 1539 49
1539 1541 CS
1541 1546 96
1546 1548 CS
1548 1553 98
1553 1555 CS
1555 1560 97
1560 1562 CS
1562 1567 99
1567 1569 CS
1569 1574 26
1574 1576 CS
1576 1581 27
1581 1583 CS
1583 1588 100
1588 1590 CS
1590 1595 50
1595 1597 CS
1597 1602 101
1602 1604 CS
1604 1609 5
1609 1611 CS
1611 1616 3
1616 1618 CS
1618 1623 102
1623 1625 CS
1625 1630 17
1630 1632 CS
1632 1637 51
1637 1639 CS
1639 1644 52
1644 1646 CS
1646 1651 103
1651 1653 CS
1653 1658 28
1658 1660 CS
1660 1665 29
1665 1667 CS
1667 1672 54
1672 1674 CS
1674 1679 53
1679 1681 CS
1681 1686 104
1686 1688 CS
1688 1693 2
1693 1695 CS
1695 1700 18
1700 1702 CS
1702 1707 30
1707 1709 CS
1709 1714 55
1714 1716 CS
1716 1721 11
1721 1723 CS
1723 1728 12
1728 1730 CS
1730 1735 105
1735 1737 CS
1737 1742 56
1742 1744 CS
1744 1749 106
1749 1751 CS
1751 1756 31
1756 1758 CS
1758 1763 57
1763 1765 CS
1765 1770 19
1770 1772 CS
1772 1777 107
1777 1779 CS
1779 1784 58
1784 1786 CS
1786 1791 59
1791 1793 CS
1793 1798 108
1798 1800 CS
1800 1805 32
1805 1807 CS
1807 1812 33
1812 1814 CS
1814 1819 60
1819 1821 CS
1821 1826 109
1826 1828 CS
1828 1833 1
1833 1835 CS
1835 1840 6
1840 1842 CS
1842 1847 110
1847 1849 CS
1849 1854 111
1854 1856 CS
1856 1861 34
1861 1863 CS
1863 1868 61
1868 1870 CS
1870 1875 112
1875 1877 CS
1877 1882 113
1882 1884 CS
1884 1889 20
1889 1891 CS
1891 1896 114
1896 1898 CS
1898 1903 116
1903 1905 CS
1905 1910 115
1910 1912 CS
1912 1917 36
1917 1919 CS
1919 1924 35
1924 1926 CS
1926 1931 117
1931 1933 CS
1933 1938 62
1938 1940 CS
1940 1945 119
1945 1947 CS
1947 1952 118
1952 1954 CS
1954 1959 120
1959 1961 CS
1961 1966 63
1966 1968 CS
1968 1973 21
1973 1975 CS
1975 1980 8
1980 1982 CS
1982 1987 37
1987 1989 CS
1989 1994 64
1994 1996 CS
1996 2001 121
2001 2003 CS
2003 2008 122
2008 2010 CS
2010 2015 123
2015 2017 CS
2017 2022 13
2022 2024 CS
2024 2029 65
2029 2031 CS
2031 2036 38
2036 2038 CS
2038 2043 39
2043 2045 CS
2045 2050 66
2050 2052 CS
2052 2057 67
2057 2059 CS
2059 2064 124
2064 2066 CS
2066 2071 22
2071 2073 CS
2073 2078 125
2078 2080 CS
2080 2085 68
2085 2087 CS
2087 2092 69
2092 2094 CS
2094 2099 126
2099 2101 CS
2101 2106 40
2106 2108 CS
2108 2113 23
2113 2115 CS
2115 2120 127
2120 2122 CS
2122 2127 70
2127 2129 CS
2129 2134 71
2134 2136 CS
2136 2141 128
2141 2143 CS
2143 2148 41
2148 2150 CS
2150 2155 72
2155 2157 CS
2157 2162 74
2162 2164 CS
2164 2169 129
2169 2171 CS
2171 2176 130
2176 2178 CS
2178 2183 131
2183 2185 CS
2185 2190 75
2190 2192 CS
2192 2197 132
2197 2199 CS
2199 2204 73
2204 2206 CS
2206 2211 4
2211 2213 CS
2213 2218 133
2218 2220 CS
2220 2225 0
2225 2227 CS
2227 2232 42
2232 2234 CS
2234 2239 134
2239 2241 CS
2241 2246 135
2246 2248 CS
2248 2253 76
2253 2255 CS
2255 2260 77
2260 2262 CS
2262 2267 136
2267 2269 CS
2269 2274 43
2274 2276 CS
2276 2281 78
2281 2283 CS
2283 2288 79
2288 2290 CS
2290 2295 44
2295 2297 CS
2297 2302 45
2302 2304 CS
2304 2309 137
2309 2311 CS
2311 2316 138
2316 2318 CS
2318 2323 80
2323 2325 CS
2325 2330 139
2330 2332 CS
2332 2337 140
2337 2339 CS
2339 2344 81
2344 2346 CS
2346 2351 82
2351 2353 CS
2353 2358 141
2358 2360 CS
2360 2365 9
2365 2367 CS
2367 2372 14
2372 2374 CS
2374 2379 46
2379 2381 CS
2381 2386 142
2386 2388 CS
2388 2393 143
2393 2395 CS
2395 2400 83
2400 2402 CS
2402 2407 144
2407 2409 CS
2409 2414 145
2414 2416 CS
2416 2421 146
2421 2423 CS
2423 2428 84
2428 2430 CS
2430 2435 85
2435 2437 CS
2437 2442 86
2442 2444 CS
2444 2449 147
2449 2451 CS
2451 2456 24
2456 2458 CS
2458 2463 148
2463 2465 CS
2465 2470 87
2470 2472 CS
2472 2477 88
2477 2479 CS
2479 2484 149
2484 2486 CS
2486 2491 89
2491 2493 CS
2493 2498 47
2498 2500 CS
2500 2505 7
2505 2507 CS
2507 2512 25
2512 2514 CS
2514 2519 150
2519 2521 CS
2521 2526 90
2526 2528 CS
2528 2533 91
2533 2535 CS
2535 2540 152
2540 2542 CS
2542 2547 151
2547 2549 CS
2549 2554 93
2554 2556 CS
2556 2561 153
2561 2563 CS
2563 2568 154
2568 2570 CS
2570 2575 155
2575 2577 CS
2577 2582 92
2582 2584 CS
2584 2589 156
2589 2591 CS
2591 2596 157
2596 2598 CS
2598 2603 15
2603 2605 CS
2605 2610 94
2610 2612 CS
2612 2617 158
2617 2619 CS
2619 2624 95
2624 2626 CS
2626 2631 159
2631 2633 CS
2633 2638 10
2638 2640 CS
2640 2645 16
2645 2647 CS
2647 2652 160
2652 2654 CS
2654 2659 161
2659 2661 CS
2661 2666 48
2666 2668 CS
2668 2673 162
2673 2675 CS
2675 2680 49
2680 2682 CS
2682 2687 96
2687 2689 CS
2689 2694 98
2694 2696 CS
2696 2701 163
2701 2703 CS
2703 2708 164
2708 2710 CS
2710 2715 165
2715 2717 CS
2717 2722 97
2722 2724 CS
2724 2729 99
2729 2731 CS
2731 2736 167
2736 2738 CS
2738 2743 166
2743 2745 CS
2745 2750 26
2750 2752 CS
2752 2757 27
2757 2759 CS
2759 2764 168
2764 2766 CS
2766 2771 169
2771 2773 CS
2773 2778 170
2778 2780 CS
2780 2785 171
2785 2787 CS
2787 2792 100
2792 2794 CS
2794 2799 50
2799 2801 CS
2801 2806 172
2806 2808 CS
2808 2813 101
2813 2815 CS
2815 2820 173
2820 2822 CS
2822 2827 174
2827 2829 CS
2829 2834 5
2834 2836 CS
2836 2841 175
2841 2843 CS
2843 2848 3
2848 2850 CS
2850 2855 102
2855 2857 CS
2857 2862 176
2862 2864 CS
2864 2869 177
2869 2871 CS
2871 2876 17
2876 2878 CS
2878 2883 178
2883 2885 CS
2885 2890 51
2890 2892 CS
2892 2897 179
2897 2899 CS
2899 2904 180
2904 2906 CS
2906 2911 52
2911 2913 CS
2913 2918 103
2918 2920 CS
2920 2925 181
2925 2927 CS
2927 2932 182
2932 2934 CS
2934 2939 183
2939 2941 CS
2941 2946 28
2946 2948 CS
2948 2953 184
2953 2955 CS
2955 2960 54
2960 2962 CS
2962 2967 29
2967 2969 CS
2969 2974 185
2974 2976 CS
2976 2981 53
2981 2983 CS
2983 2988 104
2988 2990 CS
2990 2995 186
2995 2997 CS
2997 3002 2
3002 3004 CS
3004 3009 18
3009 3011 CS
3011 3016 187
3016 3018 CS
3018 3023 30
3023 3025 CS
3025 3030 188
3030 3032 CS
3032 3037 55
3037 3039 CS
3039 3044 189
3044 3046 CS
3046 3051 11
3051 3053 CS
3053 3058 12
3058 3060 CS
3060 3065 105
3065 3067 CS
3067 3072 56
3072 3074 CS
3074 3079 106
3079 3081 CS
3081 3086 191
3086 3088 CS
3088 3093 190
3093 3095 CS
3095 3100 192
3100 3102 CS
3102 3107 31
3107 3109 CS
3109 3114 57
3114 3116 CS
3116 3121 193
3121 3123 CS
3123 3128 19
3128 3130 CS
3130 3135 194
3135 3137 CS
3137 3142 195
3142 3144 CS
3144 3149 107
3149 3151 CS
3151 3156 58
3156 3158 CS
3158 3163 59
3163 3165 CS
3165 3170 108
3170 3172 CS
3172 3177 196
3177 3179 CS
3179 3184 32
3184 3186 CS
3186 3191 33
3191 3193 CS
3193 3198 197
3198 3200 CS
3200 3205 60
3205 3207 CS
3207 3212 109
3212 3214 CS
3214 3219 198
3219 3221 CS
3221 3226 199
3226 3228 CS
3228 3233 1
3233 3235 CS
3235 3240 6
3240 3242 CS
3242 3247 110
3247 3249 CS
3249 3254 34
3254 3256 CS
3256 3261 111
3261 3263 CS
3263 3268 61
3268 3270 CS
3270 3275 112
3275 3277 CS
3277 3282 113
3282 3284 CS
3284 3289 20
3289 3291 CS
3291 3296 114
3296 3298 CS
3298 3303 116
3303 3305 CS
3305 3310 115
3310 3312 CS
3312 3317 36
3317 3319 CS
3319 3324 35
3324 3326 CS
3326 3331 117
3331 3333 CS
3333 3338 62
3338 3340 CS
3340 3345 119
3345 3347 CS
3347 3352 118
3352 3354 CS
3354 3359 120
3359 3361 CS
3361 3366 63
3366 3368 CS
3368 3373 21
3373 3375 CS
3375 3380 8
3380 3382 CS
3382 3387 37
3387 3389 CS
3389 3394 64
3394 3396 CS
3396 3401 121
3401 3403 CS
3403 3408 122
3408 3410 CS
3410 3415 123
3415 3417 CS
3417 3422 13
3422 3424 CS
3424 3429 65
3429 3431 CS
3431 3436 38
3436 3438 CS
3438 3443 39
3443 3445 CS
3445 3450 66
3450 3452 CS
3452 3457 67
3457 3459 CS
3459 3464 124
3464 3466 CS
3466 3471 22
3471 3473 CS
3473 3478 125
3478 3480 CS
3480 3485 68
3485 3487 CS
3487 3492 69
3492 3494 CS
3494 3499 126
3499 3501 CS
3501 3506 40
3506 3508 CS
3508 3513 23
3513 3515 CS
3515 3520 127
3520 3522 CS
3522 3527 70
3527 3529 CS
3529 3534 71
3534 3536 CS
3536 3541 128
3541 3543 CS
3543 3548 41
3548 3550 CS
3550 3555 72
3555 3557 CS
3557 3562 74
3562 3564 CS
3564 3569 129
3569 3571 CS
3571 3576 130
3576 3578 CS
3578 3583 131
3583 3585 CS
3585 3590 75
3590 3592 CS
3592 3597 132
3597 3599 CS
3599 3604 73
3604 3606 CS
3606 3611 4
3611 3613 CS
3613 3618 133
3618 3620 CS
3620 3625 0
3625 3627 CS
3627 3632 42
3632 3634 CS
3634 3639 134
3639 3641 CS
3641 3646 135
3646 3648 CS
3648 3653 76
3653 3655 CS
3655 3660 77
3660 3662 CS
3662 3667 136
3667 3669 CS
3669 3674 43
3674 3676 CS
3676 3681 78
3681 3683 CS
3683 3688 79
3688 3690 CS
3690 3695 44
3695 3697 CS
3697 3702 45
3702 3704 CS
3704 3709 137
3709 3711 CS
3711 3716 138
3716 3718 CS
3718 3723 80
3723 3725 CS
3725 3730 139
3730 3732 CS
3732 3737 140
3737 3739 CS
3739 3744 81
3744 3746 CS
3746 3751 82
3751 3753 CS
3753 3758 141
3758 3760 CS
3760 3765 9
3765 3767 CS
3767 3772 14
3772 3774 CS
3774 3779 46
3779 3781 CS
3781 3786 142
3786 3788 CS
3788 3793 143
3793 3795 CS
3795 3800 83
3800 3802 CS
3802 3807 144
3807 3809 CS
3809 3814 145
3814 3816 CS
3816 3821 146
3821 3823 CS
3823 3828 84
3828 3830 CS
3830 3835 85
3835 3837 CS
3837 3842 86
3842 3844 CS
3844 3849 147
3849 3851 CS
3851 3856 24
3856 3858 CS
3858 3863 148
3863 3865 CS
3865 3870 87
3870 3872 CS
3872 3877 88
3877 3879 CS
3879 3884 149
3884 3886 CS
3886 3891 89
3891 3893 CS
3893 3898 47
3898 3900 CS
3900 3905 7
3905 3907 CS
3907 3912 25
3912 3914 CS
3914 3919 150
3919 3921 CS
3921 3926 90
3926 3928 CS
3928 3933 91
3933 3935 CS
3935 3940 152
3940 3942 CS
3942 3947 151
3947 3949 CS
3949 3954 93
3954 3956 CS
3956 3961 153
3961 3963 CS
3963 3968 154
3968 3970 CS
3970 3975 155
3975 3977 CS
3977 3982 92
3982 3984 CS
3984 3989 156
3989 3991 CS
3991 3996 157
3996 3998 CS
3998 4003 15
4003 4005 CS
4005 4010 94
4010 4012 CS
4012 4017 158
4017 4019 CS
4019 4024 95
4024 4026 CS
4026 4031 159
4031 4033 CS
4033 4038 10
4038 4040 CS
4040 4045 16
4045 4047 CS
4047 4052 161
4052 4054 CS
4054 4059 160
4059 4061 CS
4061 4066 48
4066 4068 CS
4068 4073 162
4073 4075 CS
4075 4080 49
4080 4082 CS
4082 4087 96
4087 4089 CS
4089 4094 98
4094 4096 CS
4096 4101 163
4101 4103 CS
4103 4108 165
4108 4110 CS
4110 4115 164
4115 4117 CS
4117 4122 97
4122 4124 CS
4124 4129 99
4129 4131 CS
4131 4136 167
4136 4138 CS
4138 4143 166
4143 4145 CS
4145 4150 27
4150 4152 CS
4152 4157 26
4157 4159 CS
4159 4164 168
4164 4166 CS
4166 4171 169
4171 4173 CS
4173 4178 170
4178 4180 CS
4180 4185 171
4185 4187 CS
4187 4192 100
4192 4194 CS
4194 4199 50
4199 4201 CS
4201 4206 172
4206 4208 CS
4208 4213 101
4213 4215 CS
4215 4220 173
4220 4222 CS
4222 4227 174
4227 4229 CS
4229 4234 5
4234 4236 CS
4236 4241 175
4241 4243 CS
4243 4248 3
4248 4250 CS
4250 4255 102
4255 4257 CS
4257 4262 176
4262 4264 CS
4264 4269 177
4269 4271 CS
4271 4276 17
4276 4278 CS
4278 4283 178
4283 4285 CS
4285 4290 51
4290 4292 CS
4292 4297 179
4297 4299 CS
4299 4304 180
4304 4306 CS
4306 4311 52
4311 4313 CS
4313 4318 103
4318 4320 CS
4320 4325 181
4325 4327 CS
4327 4332 182
4332 4334 CS
4334 4339 183
4339 4341 CS
4341 4346 28
4346 4348 CS
4348 4353 54
4353 4355 CS
4355 4360 184
4360 4362 CS
4362 4367 185
4367 4369 CS
4369 4374 29
4374 4376 CS
4376 4381 104
4381 4383 CS
4383 4388 53
4388 4390 CS
4390 4395 186
4395 4397 CS
4397 4402 2
4402 4404 CS
4404 4409 18
4409 4411 CS
4411 4416 187
4416 4418 CS
4418 4423 30
4423 4425 CS
4425 4430 188
4430 4432 CS
4432 4437 55
4437 4439 CS
4439 4444 189
4444 4446 CS
4446 4451 11
4451 4453 CS
4453 4458 12
4458 4460 CS
4460 4465 105
4465 4467 CS
4467 4472 56
4472 4474 CS
4474 4479 106
4479 4481 CS
4481 4486 190
4486 4488 CS
4488 4493 191
4493 4495 CS
4495 4500 192
4500 4502 CS
4502 4507 31
4507 4509 CS
4509 4514 57
4514 4516 CS
4516 4521 193
4521 4523 CS
4523 4528 19
4528 4530 CS
4530 4535 194
4535 4537 CS
4537 4542 195
4542 4544 CS
4544 4549 107
4549 4551 CS
4551 4556 58
4556 4558 CS
4558 4563 59
4563 4565 CS
4565 4570 108
4570 4572 CS
4572 4577 196
4577 4579 CS
4579 4584 32
4584 4586 CS
4586 4591 33
4591 4593 CS
4593 4598 197
4598 4600 CS
4600 4605 60
4605 4607 CS
4607 4612 109
4612 4614 CS
4614 4619 198
4619 4621 CS
4621 4626 199
4626 4628 CS
4628 4633 6
4633 4635 CS
4635 4640 1
4640 4642 CS
4642 4647 110
4647 4649 CS
4649 4654 34
4654 4656 CS
4656 4661 61
4661 4663 CS
4663 4668 111
4668 4670 CS
4670 4675 112
4675 4677 CS
4677 4682 113
4682 4684 CS
4684 4689 20
4689 4691 CS
4691 4696 114
4696 4698 CS
4698 4703 116
4703 4705 CS
4705 4710 115
4710 4712 CS
4712 4717 36
4717 4719 CS
4719 4724 35
4724 4726 CS
4726 4731 117
4731 4733 CS
4733 4738 62
4738 4740 CS
4740 4745 119
4745 4747 CS
4747 4752 118
4752 4754 CS
4754 4759 120
4759 4761 CS
4761 4766 63
4766 4768 CS
4768 4773 21
4773 4775 CS
4775 4780 8
4780 4782 CS
4782 4787 37
4787 4789 CS
4789 4794 64
4794 4796 CS
4796 4801 121
4801 4803 CS
4803 4808 122
4808 4810 CS
4810 4815 123
4815 4817 CS
4817 4822 13
4822 4824 CS
4824 4829 65
4829 4831 CS
4831 4836 38
4836 4838 CS
4838 4843 39
4843 4845 CS
4845 4850 66
4850 4852 CS
4852 4857 67
4857 4859 CS
4859 4864 124
4864 4866 CS
4866 4871 22
4871 4873 CS
4873 4878 125
4878 4880 CS
4880 4885 68
4885 4887 CS
4887 4892 69
4892 4894 CS
4894 4899 126
4899 4901 CS
4901 4906 40
4906 4908 CS
4908 4913 23
4913 4915 CS
4915 4920 127
4920 4922 CS
4922 4927 70
4927 4929 CS
4929 4934 71
4934 4936 CS
4936 4941 128
4941 4943 CS
4943 4948 41
4948 4950 CS
4950 4955 72
4955 4957 CS
4957 4962 74
4962 4964 CS
4964 4969 129
4969 4971 CS
4971 4976 130
4976 4978 CS
4978 4983 131
4983 4985 CS
4985 4990 75
4990 4992 CS
4992 4997 132
4997 4999 CS
4999 5004 73
5004 5006 CS
5006 5011 4
5011 5013 CS
5013 5018 133
5018 5020 CS
5020 5025 0
5025 5027 CS
5027 5032 42
5032 5034 CS
5034 5039 134
5039 5041 CS
5041 5046 135
5046 5048 CS
5048 5053 76
5053 5055 CS
5055 5060 77
5060 5062 CS
5062 5067 136
5067 5069 CS
5069 5074 43
5074 5076 CS
5076 5081 78
5081 5083 CS
5083 5088 79
5088 5090 CS
5090 5095 44
5095 5097 CS
5097 5102 45
5102 5104 CS
5104 5109 137
5109 5111 CS
5111 5116 138
5116 5118 CS
5118 5123 80
5123 5125 CS
5125 5130 139
5130 5132 CS
5132 5137 140
5137 5139 CS
5139 5144 81
5144 5146 CS
5146 5151 82
5151 5153 CS
5153 5158 141
5158 5160 CS
5160 5165 9
5165 5167 CS
5167 5172 14
5172 5174 CS
5174 5179 46
5179 5181 CS
5181 5186 142
5186 5188 CS
5188 5193 143
5193 5195 CS
5195 5200 83
5200 5202 CS
5202 5207 144
5207 5209 CS
5209 5214 145
5214 5216 CS
5216 5221 146
5221 5223 CS
5223 5228 84
5228 5230 CS
5230 5235 85
5235 5237 CS
5237 5242 86
5242 5244 CS
5244 5249 147
5249 5251 CS
5251 5256 24
5256 5258 CS
5258 5263 148
5263 5265 CS
5265 5270 87
5270 5272 CS
5272 5277 88
5277 5279 CS
5279 5284 149
5284 5286 CS
5286 5291 89
5291 5293 CS
5293 5298 47
5298 5300 CS
5300 5305 7
5305 5307 CS
5307 5312 25
5312 5314 CS
5314 5319 150
5319 5321 CS
5321 5326 90
5326 5328 CS
5328 5333 91
5333 5335 CS
5335 5340 152
5340 5342 CS
5342 5347 151
5347 5349 CS
5349 5354 93
5354 5356 CS
5356 5361 153
5361 5363 CS
5363 5368 154
5368 5370 CS
5370 5375 155
5375 5377 CS
5377 5382 92
5382 5384 CS
5384 5389 156
5389 5391 CS
5391 5396 157
5396 5398 CS
5398 5403 15
5403 5405 CS
5405 5410 94
5410 5412 CS
5412 5417 158
5417 5419 CS
5419 5424 95
5424 5426 CS
5426 5431 159
5431 5433 CS
5433 5438 10
5438 5440 CS
5440 5445 161
5445 5447 CS
5447 5452 16
5452 5454 CS
5454 5459 160
5459 5461 CS
5461 5466 48
5466 5468 CS
5468 5473 162
5473 5475 CS
5475 5480 49
5480 5482 CS
5482 5487 96
5487 5489 CS
5489 5494 98
5494 5496 CS
5496 5501 163
5501 5503 CS
5503 5508 165
5508 5510 CS
5510 5515 164
5515 5517 CS
5517 5522 97
5522 5524 CS
5524 5529 99
5529 5531 CS
5531 5536 167
5536 5538 CS
5538 5543 166
5543 5545 CS
5545 5550 27
5550 5552 CS
5552 5557 26
5557 5559 CS
5559 5564 168
5564 5566 CS
5566 5571 169
5571 5573 CS
5573 5578 170
5578 5580 CS
5580 5585 171
5585 5587 CS
5587 5592 100
5592 5594 CS
5594 5599 50
5599 5601 CS
5601 5606 172
5606 5608 CS
5608 5613 101
5613 5615 CS
5615 5620 173
5620 5622 CS
5622 5627 174
5627 5629 CS
5629 5634 5
5634 5636 CS
5636 5641 175
5641 5643 CS
5643 5648 3
5648 5650 CS
5650 5655 102
5655 5657 CS
5657 5662 176
5662 5664 CS
5664 5669 177
5669 5671 CS
5671 5676 17
5676 5678 CS
5678 5683 178
5683 5685 CS
5685 5690 51
5690 5692 CS
5692 5697 179
5697 5699 CS
5699 5704 180
5704 5706 CS
5706 5711 52
5711 5713 CS
5713 5718 103
5718 5720 CS
5720 5725 181
5725 5727 CS
5727 5732 182
5732 5734 CS
5734 5739 183
5739 5741 CS
5741 5746 28
5746 5748 CS
5748 5753 54
5753 5755 CS
5755 5760 185
5760 5762 CS
5762 5767 184
5767 5769 CS
5769 5774 104
5774 5776 CS
5776 5781 29
5781 5783 CS
5783 5788 53
5788 5790 CS
5790 5795 186
5795 5797 CS
5797 5802 2
5802 5804 CS
5804 5809 18
5809 5811 CS
5811 5816 187
5816 5818 CS
5818 5823 30
5823 5825 CS
5825 5830 188
5830 5832 CS
5832 5837 55
5837 5839 CS
5839 5844 189
5844 5846 CS
5846 5851 11
5851 5853 CS
5853 5858 12
5858 5860 CS
5860 5865 105
5865 5867 CS
5867 5872 56
5872 5874 CS
5874 5879 106
5879 5881 CS
5881 5886 190
5886 5888 CS
5888 5893 191
5893 5895 CS
5895 5900 192
5900 5902 CS
5902 5907 31
5907 5909 CS
5909 5914 57
5914 5916 CS
5916 5921 193
5921 5923 CS
5923 5928 19
5928 5930 CS
5930 5935 194
5935 5937 CS
5937 5942 195
5942 5944 CS
5944 5949 107
5949 5951 CS
5951 5956 58
5956 5958 CS
5958 5963 59
5963 5965 CS
5965 5970 108
5970 5972 CS
5972 5977 196
5977 5979 CS
5979 5984 32
5984 5986 CS
5986 5991 33
5991 5993 CS
5993 5998 197
5998 6000 CS
6000 6005 60
6005 6007 CS
6007 6012 109
6012 6014 CS
6014 6019 198
6019 6021 CS
6021 6026 199
6026 6028 CS
6028 6033 6
6033 6035 CS
6035 6040 1
6040 6042 CS
6042 6047 110
6047 6049 CS
6049 6054 34
6054 6056 CS
6056 6061 61
6061 6063 CS
6063 6068 111
6068 6070 CS
6070 6075 112
6075 6077 CS
6077 6082 113
6082 6084 CS
6084 6089 20
6089 6091 CS
6091 6096 114
6096 6098 CS
6098 6103 116
6103 6105 CS
6105 6110 115
6110 6112 CS
6112 6117 36
6117 6119 CS
6119 6124 35
6124 6126 CS
6126 6131 117
6131 6133 CS
6133 6138 62
6138 6140 CS
6140 6145 119
6145 6147 CS
6147 6152 118
6152 6154 CS
6154 6159 120
6159 6161 CS
6161 6166 63
6166 6168 CS
6168 6173 21
6173 6175 CS
6175 6180 8
6180 6182 CS
6182 6187 37
6187 6189 CS
6189 6194 64
6194 6196 CS
6196 6201 121
6201 6203 CS
6203 6208 122
6208 6210 CS
6210 6215 123
6215 6217 CS
6217 6222 13
6222 6224 CS
6224 6229 65
6229 6231 CS
6231 6236 38
6236 6238 CS
6238 6243 39
6243 6245 CS
6245 6250 66
6250 6252 CS
6252 6257 67
6257 6259 CS
6259 6264 124
6264 6266 CS
6266 6271 22
6271 6273 CS
6273 6278 125
6278 6280 CS
6280 6285 68
6285 6287 CS
6287 6292 69
6292 6294 CS
6294 6299 126
6299 6301 CS
6301 6306 40
6306 6308 CS
6308 6313 23
6313 6315 CS
6315 6320 127
6320 6322 CS
6322 6327 70
6327 6329 CS
6329 6334 71
6334 6336 CS
6336 6341 128
6341 6343 CS
6343 6348 41
6348 6350 CS
6350 6355 72
6355 6357 CS
6357 6362 74
6362 6364 CS
6364 6369 129
6369 6371 CS
6371 6376 130
6376 6378 CS
6378 6383 131
6383 6385 CS
6385 6390 75
6390 6392 CS
6392 6397 132
6397 6399 CS
6399 6404 73
6404 6406 CS
6406 6411 4
6411 6413 CS
6413 6418 133
6418 6420 CS
6420 6425 0
6425 6427 CS
6427 6432 42
6432 6434 CS
6434 6439 134
6439 6441 CS
6441 6446 135
6446 6448 CS
6448 6453 76
6453 6455 CS
6455 6460 77
6460 6462 CS
6462 6467 136
6467 6469 CS
6469 6474 43
6474 6476 CS
6476 6481 78
6481 6483 CS
6483 6488 79
6488 6490 CS
6490 6495 44
6495 6497 CS
6497 6502 45
6502 6504 CS
6504 6509 137
6509 6511 CS
6511 6516 138
6516 6518 CS
6518 6523 80
6523 6525 CS
6525 6530 139
6530 6532 CS
6532 6537 140
6537 6539 CS
6539 6544 81
6544 6546 CS
6546 6551 82
6551 6553 CS
6553 6558 141
6558 6560 CS
6560 6565 9
6565 6567 CS
6567 6572 14
6572 6574 CS
6574 6579 46
6579 6581 CS
6581 6586 142
6586 6588 CS
6588 6593 143
6593 6595 CS
6595 6600 83
6600 6602 CS
6602 6607 144
6607 6609 CS
6609 6614 145
6614 6616 CS
6616 6621 146
6621 6623 CS
6623 6628 84
6628 6630 CS
6630 6635 85
6635 6637 CS
6637 6642 86
6642 6644 CS
6644 6649 147
6649 6651 CS
6651 6656 24
6656 6658 CS
6658 6663 148
6663 6665 CS
6665 6670 87
6670 6672 CS
6672 6677 88
6677 6679 CS
6679 6684 149
6684 6686 CS
6686 6691 89
6691 6693 CS
6693 6698 47
6698 6700 CS
6700 6705 7
6705 6707 CS
6707 6712 25
6712 6714 CS
6714 6719 150
6719 6721 CS
6721 6726 90
6726 6728 CS
6728 6733 91
6733 6735 CS
6735 6740 152
6740 6742 CS
6742 6747 151
6747 6749 CS
6749 6754 93
6754 6756 CS
6756 6761 153
6761 6763 CS
6763 6768 154
6768 6770 CS
6770 6775 155
6775 6777 CS
6777 6782 92
6782 6784 CS
6784 6789 156
6789 6791 CS
6791 6796 157
6796 6798 CS
6798 6803 15
6803 6805 CS
6805 6810 94
6810 6812 CS
6812 6817 158
6817 6819 CS
6819 6824 95
6824 6826 CS
6826 6831 159
6831 6833 CS
6833 6838 10
6838 6840 CS
6840 6845 161
6845 6847 CS
6847 6852 16
6852 6854 CS
6854 6859 160
6859 6861 CS
6861 6866 48
6866 6868 CS
6868 6873 162
6873 6875 CS
6875 6880 49
6880 6882 CS
6882 6887 96
6887 6889 CS
6889 6894 98
6894 6896 CS
6896 6901 163
6901 6903 CS
6903 6908 165
6908 6910 CS
6910 6915 164
6915 6917 CS
6917 6922 97
6922 6924 CS
6924 6929 99
6929 6931 CS
6931 6936 167
6936 6938 CS
6938 6943 166
6943 6945 CS
6945 6950 27
6950 6952 CS
6952 6957 26
6957 6959 CS
6959 6964 168
6964 6966 CS
6966 6971 169
6971 6973 CS
6973 6978 170
6978 6980 CS
6980 6985 171
6985 6987 CS
6987 6992 100
6992 6994 CS
6994 6999 50
6999 7001 CS
7001 7006 172
7006 7008 CS
7008 7013 101
7013 7015 CS
7015 7020 173
7020 7022 CS
7022 7027 174
7027 7029 CS
7029 7034 5
7034 7036 CS
7036 7041 175
7041 7043 CS
7043 7048 3
7048 7050 CS
7050 7055 102
7055 7057 CS
7057 7062 176
7062 7064 CS
7064 7069 177
7069 7071 CS
7071 7076 17
7076 7078 CS
7078 7083 178
7083 7085 CS
7085 7090 51
7090 7092 CS
7092 7097 179
7097 7099 CS
7099 7104 180
7104 7106 CS
7106 7111 52
7111 7113 CS
7113 7118 103
7118 7120 CS
7120 7125 181
7125 7127 CS
7127 7132 182
7132 7134 CS
7134 7139 183
7139 7141 CS
7141 7146 28
7146 7148 CS
7148 7153 54
7153 7155 CS
7155 7160 185
7160 7162 CS
7162 7167 184
7167 7169 CS
7169 7174 104
7174 7176 CS
7176 7181 29
7181 7183 CS
7183 7188 53
7188 7190 CS
7190 7195 186
7195 7197 CS
7197 7202 2
7202 7204 CS
7204 7209 18
7209 7211 CS
7211 7216 187
7216 7218 CS
7218 7223 30
7223 7225 CS
7225 7230 188
7230 7232 CS
7232 7237 55
7237 7239 CS
7239 7244 189
7244 7246 CS
7246 7251 11
7251 7253 CS
7253 7258 12
7258 7260 CS
7260 7265 105
7265 7267 CS
7267 7272 56
7272 7274 CS
7274 7279 106
7279 7281 CS
7281 7286 190
7286 7288 CS
7288 7293 191
7293 7295 CS
7295 7300 192
7300 7302 CS
7302 7307 31
7307 7309 CS
7309 7314 57
7314 7316 CS
7316 7321 193
7321 7323 CS
7323 7328 19
7328 7330 CS
7330 7335 194
7335 7337 CS
7337 7342 195
7342 7344 CS
7344 7349 107
7349 7351 CS
7351 7356 58
7356 7358 CS
7358 7363 59
7363 7365 CS
7365 7370 108
7370 7372 CS
7372 7377 196
7377 7379 CS
7379 7384 32
7384 7386 CS
7386 7391 33
7391 7393 CS
7393 7398 197
7398 7400 CS
7400 7405 60
7405 7407 CS
7407 7412 109
7412 7414 CS
7414 7419 198
7419 7421 CS
7421 7426 199
7426 7428 CS
7428 7433 6
7433 7435 CS
7435 7440 1
7440 7442 CS
7442 7447 110
7447 7449 CS
7449 7454 34
7454 7456 CS
7456 7461 61
7461 7463 CS
7463 7468 111
7468 7470 CS
7470 7475 112
7475 7477 CS
7477 7482 113
7482 7484 CS
7484 7489 20
7489 7491 CS
7491 7496 114
7496 7498 CS
7498 7503 116
7503 7505 CS
7505 7510 115
7510 7512 CS
7512 7517 36
7517 7519 CS
7519 7524 35
7524 7526 CS
7526 7531 117
7531 7533 CS
7533 7538 62
7538 7540 CS
7540 7545 119
7545 7547 CS
7547 7552 118
7552 7554 CS
7554 7559 120
7559 7561 CS
7561 7566 63
7566 7568 CS
7568 7573 21
7573 7575 CS
7575 7580 8
7580 7582 CS
7582 7587 37
7587 7589 CS
7589 7594 64
7594 7596 CS
7596 7601 121
7601 7603 CS
7603 7608 122
7608 7610 CS
7610 7615 123
7615 7617 CS
7617 7622 13
7622 7624 CS
7624 7629 65
7629 7631 CS
7631 7636 38
7636 7638 CS
7638 7643 39
7643 7645 CS
7645 7650 66
7650 7652 CS
7652 7657 67
7657 7659 CS
7659 7664 124
7664 7666 CS
7666 7671 22
7671 7673 CS
7673 7678 125
7678 7680 CS
7680 7685 68
7685 7687 CS
7687 7692 69
7692 7694 CS
7694 7699 126
7699 7701 CS
7701 7706 40
7706 7708 CS
7708 7713 23
7713 7715 CS
7715 7720 127
7720 7722 CS
7722 7727 70
7727 7729 CS
7729 7734 71
7734 7736 CS
7736 7741 128
7741 7743 CS
7743 7748 41
7748 7750 CS
7750 7755 72
7755 7757 CS
7757 7762 74
7762 7764 CS
7764 7769 129
7769 7771 CS
7771 7776 130
7776 7778 CS
7778 7783 131
7783 7785 CS
7785 7790 75
7790 7792 CS
7792 7797 132
7797 7799 CS
7799 7804 73
7804 7806 CS
7806 7811 4
7811 7813 CS
7813 7818 133
7818 7820 CS
7820 7825 0
7825 7827 CS
7827 7832 42
7832 7834 CS
7834 7839 134
7839 7841 CS
7841 7846 135
7846 7848 CS
7848 7853 76
7853 7855 CS
7855 7860 77
7860 7862 CS
7862 7867 136
7867 7869 CS
7869 7874 43
7874 7876 CS
7876 7881 78
7881 7883 CS
7883 7888 79
7888 7890 CS
7890 7895 44
7895 7897 CS
7897 7902 45
7902 7904 CS
7904 7909 137
7909 7911 CS
7911 7916 138
7916 7918 CS
7918 7923 80
7923 7925 CS
7925 7930 139
7930 7932 CS
7932 7937 140
7937 7939 CS
7939 7944 81
7944 7946 CS
7946 7951 82
7951 7953 CS
7953 7958 141
7958 7960 CS
7960 7965 9
7965 7967 CS
7967 7972 14
7972 7974 CS
7974 7979 46
7979 7981 CS
7981 7986 142
7986 7988 CS
7988 7993 143
7993 7995 CS
7995 8000 83
8000 8002 CS
8002 8007 144
8007 8009 CS
8009 8014 145
8014 8016 CS
8016 8021 146
8021 8023 CS
8023 8028 84
8028 8030 CS
8030 8035 85
8035 8037 CS
8037 8042 86
8042 8044 CS
8044 8049 147
8049 8051 CS
8051 8056 24
8056 8058 CS
8058 8063 148
8063 8065 CS
8065 8070 87
8070 8072 CS
8072 8077 88
8077 8079 CS
8079 8084 149
8084 8086 CS
8086 8091 89
8091 8093 CS
8093 8098 47
8098 8100 CS
8100 8105 7
8105 8107 CS
8107 8112 25
8112 8114 CS
8114 8119 150
8119 8121 CS
8121 8126 90
8126 8128 CS
8128 8133 91
8133 8135 CS
8135 8140 152
8140 8142 CS
8142 8147 151
8147 8149 CS
8149 8154 93
8154 8156 CS
8156 8161 153
8161 8163 CS
8163 8168 154
8168 8170 CS
8170 8175 155
8175 8177 CS
8177 8182 92
8182 8184 CS
8184 8189 156
8189 8191 CS
8191 8196 157
8196 8198 CS
8198 8203 15
8203 8205 CS
8205 8210 94
8210 8212 CS
8212 8217 158
8217 8219 CS
8219 8224 95
8224 8226 CS
8226 8231 159
8231 8233 CS
8233 8238 10
8238 8240 CS
8240 8245 161
8245 8247 CS
8247 8252 16
8252 8254 CS
8254 8259 160
8259 8261 CS
8261 8266 48
8266 8268 CS
8268 8273 162
8273 8275 CS
8275 8280 49
8280 8282 CS
8282 8287 96
8287 8289 CS
8289 8294 98
8294 8296 CS
8296 8301 163
8301 8303 CS
8303 8308 165
8308 8310 CS
8310 8315 164
8315 8317 CS
8317 8322 97
8322 8324 CS
8324 8329 99
8329 8331 CS
8331 8336 167
8336 8338 CS
8338 8343 166
8343 8345 CS
8345 8350 27
8350 8352 CS
8352 8357 26
8357 8359 CS
8359 8364 168
8364 8366 CS
8366 8371 169
8371 8373 CS
8373 8378 170
8378 8380 CS
8380 8385 171
8385 8387 CS
8387 8392 100
8392 8394 CS
8394 8399 50
8399 8401 CS
8401 8406 172
8406 8408 CS
8408 8413 101
8413 8415 CS
8415 8420 173
8420 8422 CS
8422 8427 174
8427 8429 CS
8429 8434 5
8434 8436 CS
8436 8441 175
8441 8443 CS
8443 8448 3
8448 8450 CS
8450 8455 102
8455 8457 CS
8457 8462 176
8462 8464 CS
8464 8469 177
8469 8471 CS
8471 8476 17
8476 8478 CS
8478 8483 178
8483 8485 CS
8485 8490 51
8490 8492 CS
8492 8497 179
8497 8499 CS
8499 8504 180
8504 8506 CS
8506 8511 52
8511 8513 CS
8513 8518 103
8518 8520 CS
8520 8525 181
8525 8527 CS
8527 8532 182
8532 8534 CS
8534 8539 183
8539 8541 CS
8541 8546 28
8546 8548 CS
8548 8553 54
8553 8555 CS
8555 8560 185
8560 8562 CS
8562 8567 184
8567 8569 CS
8569 8574 104
8574 8576 CS
8576 8581 29
8581 8583 CS
8583 8588 53
8588 8590 CS
8590 8595 186
8595 8597 CS
8597 8602 2
8602 8604 CS
8604 8609 18
8609 8611 CS
8611 8616 187
8616 8618 CS
8618 8623 30
8623 8625 CS
8625 8630 188
8630 8632 CS
8632 8637 55
8637 8639 CS
8639 8644 189
8644 8646 CS
8646 8651 11
8651 8653 CS
8653 8658 12
8658 8660 CS
8660 8665 105
8665 8667 CS
8667 8672 56
8672 8674 CS
8674 8679 106
8679 8681 CS
8681 8686 190
8686 8688 CS
8688 8693 191
8693 8695 CS
8695 8700 192
8700 8702 CS
8702 8707 31
8707 8709 CS
8709 8714 57
8714 8716 CS
8716 8721 193
8721 8723 CS
8723 8728 19
8728 8730 CS
8730 8735 194
8735 8737 CS
8737 8742 195
8742 8744 CS
8744 8749 107
8749 8751 CS
8751 8756 58
8756 8758 CS
8758 8763 59
8763 8765 CS
8765 8770 108
8770 8772 CS
8772 8777 196
8777 8779 CS
8779 8784 32
8784 8786 CS
8786 8791 33
8791 8793 CS
8793 8798 197
8798 8800 CS
8800 8805 60
8805 8807 CS
8807 8812 109
8812 8814 CS
8814 8819 198
8819 8821 CS
8821 8826 199
8826 8828 CS
8828 8833 6
8833 8835 CS
8835 8840 1
8840 8842 CS
8842 8847 110
8847 8849 CS
8849 8854 34
8854 8856 CS
8856 8861 61
8861 8863 CS
8863 8868 111
8868 8870 CS
8870 8875 112
8875 8877 CS
8877 8882 113
8882 8884 CS
8884 8889 20
8889 8891 CS
8891 8896 114
8896 8898 CS
8898 8903 116
8903 8905 CS
8905 8910 115
8910 8912 CS
8912 8917 36
8917 8919 CS
8919 8924 35
8924 8926 CS
8926 8931 117
8931 8933 CS
8933 8938 62
8938 8940 CS
8940 8945 119
8945 8947 CS
8947 8952 118
8952 8954 CS
8954 8959 120
8959 8961 CS
8961 8966 63
8966 8968 CS
8968 8973 21
8973 8975 CS
8975 8980 8
8980 8982 CS
8982 8987 37
8987 8989 CS
8989 8994 64
8994 8996 CS
8996 9001 121
9001 9003 CS
9003 9008 122
9008 9010 CS
9010 9015 123
9015 9017 CS
9017 9022 13
9022 9024 CS
9024 9029 65
9029 9031 CS
9031 9036 38
9036 9038 CS
9038 9043 39
9043 9045 CS
9045 9050 66
9050 9052 CS
9052 9057 67
9057 9059 CS
9059 9064 124
9064 9066 CS
9066 9071 22
9071 9073 CS
9073 9078 125
9078 9080 CS
9080 9085 68
9085 9087 CS
9087 9092 69
9092 9094 CS
9094 9099 126
9099 9101 CS
9101 9106 40
9106 9108 CS
9108 9113 23
9113 9115 CS
9115 9120 127
9120 9122 CS
9122 9127 70
9127 9129 CS
9129 9134 71
9134 9136 CS
9136 9141 128
9141 9143 CS
9143 9148 41
9148 9150 CS
9150 9155 72
9155 9157 CS
9157 9162 74
9162 9164 CS
9164 9169 129
9169 9171 CS
9171 9176 130
9176 9178 CS
9178 9183 131
9183 9185 CS
9185 9190 75
9190 9192 CS
9192 9197 132
9197 9199 CS
9199 9204 73
9204 9206 CS
9206 9211 4
9211 9213 CS
9213 9218 133
9218 9220 CS
9220 9225 0
9225 9227 CS
9227 9232 42
9232 9234 CS
9234 9239 134
9239 9241 CS
9241 9246 135
9246 9248 CS
9248 9253 76
9253 9255 CS
9255 9260 77
9260 9262 CS
9262 9267 136
9267 9269 CS
9269 9274 43
9274 9276 CS
9276 9281 78
9281 9283 CS
9283 9288 79
9288 9290 CS
9290 9295 44
9295 9297 CS
9297 9302 45
9302 9304 CS
9304 9309 137
9309 9311 CS
9311 9316 138
9316 9318 CS
9318 9323 80
9323 9325 CS
9325 9330 139
9330 9332 CS
9332 9337 140
9337 9339 CS
9339 9344 81
9344 9346 CS
9346 9351 82
9351 9353 CS
9353 9358 141
9358 9360 CS
9360 9365 9
9365 9367 CS
9367 9372 14
9372 9374 CS
9374 9379 46
9379 9381 CS
9381 9386 142
9386 9388 CS
9388 9393 143
9393 9395 CS
9395 9400 83
9400 9402 CS
9402 9407 144
9407 9409 CS
9409 9414 145
9414 9416 CS
9416 9421 146
9421 9423 CS
9423 9428 84
9428 9430 CS
9430 9435 85
9435 9437 CS
9437 9442 86
9442 9444 CS
9444 9449 147
9449 9451 CS
9451 9456 24
9456 9458 CS
9458 9463 148
9463 9465 CS
9465 9470 87
9470 9472 CS
9472 9477 88
9477 9479 CS
9479 9484 149
9484 9486 CS
9486 9491 89
9491 9493 CS
9493 9498 47
9498 9500 CS
9500 9505 7
9505 9507 CS
9507 9512 25
9512 9514 CS
9514 9519 150
9519 9521 CS
9521 9526 90
9526 9528 CS
9528 9533 91
9533 9535 CS
9535 9540 152
9540 9542 CS
9542 9547 151
9547 9549 CS
9549 9554 93
9554 9556 CS
9556 9561 153
9561 9563 CS
9563 9568 154
9568 9570 CS
9570 9575 155
9575 9577 CS
9577 9582 92
9582 9584 CS
9584 9589 156
9589 9591 CS
9591 9596 157
9596 9598 CS
9598 9603 15
9603 9605 CS
9605 9610 94
9610 9612 CS
9612 9617 158
9617 9619 CS
9619 9624 95
9624 9626 CS
9626 9631 159
9631 9633 CS
9633 9638 10
9638 9640 CS
9640 9645 161
9645 9647 CS
9647 9652 16
9652 9654 CS
9654 9659 160
9659 9661 CS
9661 9666 48
9666 9668 CS
9668 9673 162
9673 9675 CS
9675 9680 49
9680 9682 CS
9682 9687 96
9687 9689 CS
9689 9694 98
9694 9696 CS
9696 9701 163
9701 9703 CS
9703 9708 165
9708 9710 CS
9710 9715 164
9715 9717 CS
9717 9722 97
9722 9724 CS
9724 9729 99
9729 9731 CS
9731 9736 167
9736 9738 CS
9738 9743 166
9743 9745 CS
9745 9750 27
9750 9752 CS
9752 9757 26
9757 9759 CS
9759 9764 168
9764 9766 CS
9766 9771 169
9771 9773 CS
9773 9778 170
9778 9780 CS
9780 9785 171
9785 9787 CS
9787 9792 100
9792 9794 CS
9794 9799 50
9799 9801 CS
9801 9806 172
9806 9808 CS
9808 9813 101
9813 9815 CS
9815 9820 173
9820 9822 CS
9822 9827 174
9827 9829 CS
9829 9834 5
9834 9836 CS
9836 9841 175
9841 9843 CS
9843 9848 3
9848 9850 CS
9850 9855 102
9855 9857 CS
9857 9862 176
9862 9864 CS
9864 9869 177
9869 9871 CS
9871 9876 17
9876 9878 CS
9878 9883 178
9883 9885 CS
9885 9890 51
9890 9892 CS
9892 9897 179
9897 9899 CS
9899 9904 180
9904 9906 CS
9906 9911 52
9911 9913 CS
9913 9918 103
9918 9920 CS
9920 9925 181
9925 9927 CS
9927 9932 182
9932 9934 CS
9934 9939 183
9939 9941 CS
9941 9946 28
9946 9948 CS
9948 9953 54
9953 9955 CS
9955 9960 185
9960 9962 CS
9962 9967 184
9967 9969 CS
9969 9974 104
9974 9976 CS
9976 9981 29
9981 9983 CS
9983 9988 53
9988 9990 CS
9990 9995 186
9995 9997 CS
9997 10002 2
10002 10004 CS
10004 10009 18
10009 10011 CS
10011 10016 187
10016 10018 CS
10018 10023 30
10023 10025 CS
10025 10030 188
10030 10032 CS
10032 10037 55
10037 10039 CS
10039 10044 189
10044 10046 CS
10046 10051 11
10051 10053 CS
10053 10058 12
10058 10060 CS
10060 10065 105
10065 10067 CS
10067 10072 56
10072 10074 CS
10074 10079 106
10079 10081 CS
10081 10086 190
10086 10088 CS
10088 10093 191
10093 10095 CS
10095 10100 192
10100 10102 CS
10102 10107 31
10107 10109 CS
10109 10114 57
10114 10116 CS
10116 10121 193
10121 10123 CS
10123 10128 19
10128 10130 CS
10130 10135 194
10135 10137 CS
10137 10142 195
10142 10144 CS
10144 10149 107
10149 10151 CS
10151 10156 58
10156 10158 CS
10158 10163 59
10163 10165 CS
10165 10170 108
10170 10172 CS
10172 10177 196
10177 10179 CS
10179 10184 32
10184 10186 CS
10186 10191 33
10191 10193 CS
10193 10198 197
10198 10200 CS
10200 10205 60
10205 10207 CS
10207 10212 109
10212 10214 CS
10214 10219 198
10219 10221 CS
10221 10226 199
10226 10228 CS
10228 10233 6
10233 10235 CS
10235 10240 1
10240 10242 CS
10242 10247 110
10247 10249 CS
10249 10254 34
10254 10256 CS
10256 10261 61
10261 10263 CS
10263 10268 111
10268 10270 CS
10270 10275 112
10275 10277 CS
10277 10282 113
10282 10284 CS
10284 10289 20
10289 10291 CS
10291 10296 114
10296 10298 CS
10298 10303 116
10303 10305 CS
10305 10310 115
10310 10312 CS
10312 10317 36
10317 10319 CS
10319 10324 35
10324 10326 CS
10326 10331 117
10331 10333 CS
10333 10338 62
10338 10340 CS
10340 10345 119
10345 10347 CS
10347 10352 118
10352 10354 CS
10354 10359 120
10359 10361 CS
10361 10366 63
10366 10368 CS
10368 10373 21
10373 10375 CS
10375 10380 8
10380 10382 CS
10382 10387 37
10387 10389 CS
10389 10394 64
10394 10396 CS
10396 10401 121
10401 10403 CS
10403 10408 122
10408 10410 CS
10410 10415 123
10415 10417 CS
10417 10422 13
10422 10424 CS
10424 10429 65
10429 10431 CS
10431 10436 38
10436 10438 CS
10438 10443 39
10443 10445 CS
10445 10450 66
10450 10452 CS
10452 10457 67
10457 10459 CS
10459 10464 124
10464 10466 CS
10466 10471 22
10471 10473 CS
10473 10478 125
10478 10480 CS
10480 10485 68
10485 10487 CS
10487 10492 69
10492 10494 CS
10494 10499 126
10499 10501 CS
10501 10506 40
10506 10508 CS
10508 10513 23
10513 10515 CS
10515 10520 127
10520 10522 CS
10522 10527 70
10527 10529 CS
10529 10534 71
10534 10536 CS
10536 10541 128
10541 10543 CS
10543 10548 41
10548 10550 CS
10550 10555 72
10555 10557 CS
10557 10562 74
10562 10564 CS
10564 10569 129
10569 10571 CS
10571 10576 130
10576 10578 CS
10578 10583 131
10583 10585 CS
10585 10590 75
10590 10592 CS
10592 10597 132
10597 10599 CS
10599 10604 73
10604 10606 CS
10606 10611 4
10611 10613 CS
10613 10618 133
10618 10620 CS
10620 10624 0
10624 10626 CS
10626 10631 42
10631 10633 CS
10633 10638 134
10638 10640 CS
10640 10645 135
10645 10647 CS
10647 10652 76
10652 10654 CS
10654 10659 77
10659 10661 CS
10661 10666 136
10666 10668 CS
10668 10673 43
10673 10675 CS
10675 10680 78
10680 10682 CS
10682 10687 79
10687 10689 CS
10689 10694 44
10694 10696 CS
10696 10701 45
10701 10703 CS
10703 10708 137
10708 10710 CS
10710 10715 138
10715 10717 CS
10717 10722 80
10722 10724 CS
10724 10729 139
10729 10731 CS
10731 10736 140
10736 10738 CS
10738 10743 81
10743 10745 CS
10745 10750 82
10750 10752 CS
10752 10757 141
10757 10759 CS
10759 10764 9
10764 10766 CS
10766 10771 14
10771 10773 CS
10773 10778 46
10778 10780 CS
10780 10785 142
10785 10787 CS
10787 10792 143
10792 10794 CS
10794 10799 83
10799 10801 CS
10801 10806 144
10806 10808 CS
10808 10813 145
10813 10815 CS
10815 10820 146
10820 10822 CS
10822 10827 84
10827 10829 CS
10829 10834 85
10834 10836 CS
10836 10841 86
10841 10843 CS
10843 10848 147
10848 10850 CS
10850 10855 24
10855 10857 CS
10857 10862 148
10862 10864 CS
10864 10869 87
10869 10871 CS
10871 10876 88
10876 10878 CS
10878 10883 149
10883 10885 CS
10885 10890 89
10890 10892 CS
10892 10897 47
10897 10899 CS
10899 10904 7
10904 10906 CS
10906 10911 25
10911 10913 CS
10913 10918 150
10918 10920 CS
10920 10925 90
10925 10927 CS
10927 10932 91
10932 10934 CS
10934 10939 152
10939 10941 CS
10941 10946 151
10946 10948 CS
10948 10953 93
10953 10955 CS
10955 10960 153
10960 10962 CS
10962 10967 154
10967 10969 CS
10969 10974 155
10974 10976 CS
10976 10981 92
10981 10983 CS
10983 10988 156
10988 10990 CS
10990 10995 157
10995 10997 CS
10997 11002 15
11002 11004 CS
11004 11009 94
11009 11011 CS
11011 11016 158
11016 11018 CS
11018 11023 95
11023 11025 CS
11025 11030 159
11030 11032 CS
11032 11037 10
11037 11039 CS
11039 11044 161
11044 11046 CS
11046 11051 16
11051 11053 CS
11053 11058 160
11058 11060 CS
11060 11065 48
11065 11067 CS
11067 11072 162
11072 11074 CS
11074 11079 49
11079 11081 CS
11081 11086 96
11086 11088 CS
11088 11093 98
11093 11095 CS
11095 11100 163
11100 11102 CS
11102 11107 165
11107 11109 CS
11109 11114 164
11114 11116 CS
11116 11121 97
11121 11123 CS
11123 11128 99
11128 11130 CS
11130 11135 167
11135 11137 CS
11137 11142 166
11142 11144 CS
11144 11149 27
11149 11151 CS
11151 11156 26
11156 11158 CS
11158 11163 168
11163 11165 CS
11165 11170 169
11170 11172 CS
11172 11177 170
11177 11179 CS
11179 11184 171
11184 11186 CS
11186 11191 100
11191 11193 CS
11193 11198 50
11198 11200 CS
11200 11205 172
11205 11207 CS
11207 11212 101
11212 11214 CS
11214 11219 173
11219 11221 CS
11221 11226 174
11226 11228 CS
11228 11233 5
11233 11235 CS
11235 11240 175
11240 11242 CS
11242 11247 3
11247 11249 CS
11249 11254 102
11254 11256 CS
11256 11261 176
11261 11263 CS
11263 11268 177
11268 11270 CS
11270 11275 17
11275 11277 CS
11277 11282 178
11282 11284 CS
11284 11289 51
11289 11291 CS
11291 11296 179
11296 11298 CS
11298 11303 180
11303 11305 CS
11305 11310 52
11310 11312 CS
11312 11317 103
11317 11319 CS
11319 11324 181
11324 11326 CS
11326 11331 182
11331 11333 CS
11333 11338 183
11338 11340 CS
11340 11345 28
11345 11347 CS
11347 11352 54
11352 11354 CS
11354 11359 185
11359 11361 CS
11361 11366 184
11366 11368 CS
11368 11373 104
11373 11375 CS
11375 11380 29
11380 11382 CS
11382 11387 53
11387 11389 CS
11389 11394 186
11394 11396 CS
11396 11401 2
11401 11403 CS
11403 11408 18
11408 11410 CS
11410 11415 187
11415 11417 CS
11417 11422 30
11422 11424 CS
11424 11429 188
11429 11431 CS
11431 11436 55
11436 11438 CS
11438 11443 189
11443 11445 CS
11445 11450 11
11450 11452 CS
11452 11457 12
11457 11459 CS
11459 11464 105
11464 11466 CS
11466 11471 56
11471 11473 CS
11473 11478 106
11478 11480 CS
11480 11485 190
11485 11487 CS
11487 11492 191
11492 11494 CS
11494 11499 192
11499 11501 CS
11501 11506 31
11506 11508 CS
11508 11513 57
11513 11515 CS
11515 11520 193
11520 11522 CS
11522 11527 19
11527 11529 CS
11529 11534 194
11534 11536 CS
11536 11541 195
11541 11543 CS
11543 11548 107
11548 11550 CS
11550 11555 58
11555 11557 CS
11557 11562 59
11562 11564 CS
11564 11569 108
11569 11571 CS
11571 11576 196
11576 11578 CS
11578 11583 32
11583 11585 CS
11585 11590 33
11590 11592 CS
11592 11597 197
11597 11599 CS
11599 11604 60
11604 11606 CS
11606 11611 109
11611 11613 CS
11613 11618 198
11618 11620 CS
11620 11625 199
11625 11627 CS
11627 11632 6
11632 11634 CS
11634 11639 1
11639 11641 CS
11641 11646 110
11646 11648 CS
11648 11653 34
11653 11655 CS
11655 11660 61
11660 11662 CS
11662 11667 111
11667 11669 CS
11669 11674 112
11674 11676 CS
11676 11681 113
11681 11683 CS
11683 11688 20
11688 11690 CS
11690 11695 114
11695 11697 CS
11697 11702 116
11702 11704 CS
11704 11709 115
11709 11711 CS
11711 11716 36
11716 11718 CS
11718 11723 35
11723 11725 CS
11725 11730 117
11730 11732 CS
11732 11737 62
11737 11739 CS
11739 11744 119
11744 11746 CS
11746 11751 118
11751 11753 CS
11753 11758 120
11758 11760 CS
11760 11765 63
11765 11767 CS
11767 11772 21
11772 11774 CS
11774 11779 8
11779 11781 CS
11781 11786 37
11786 11788 CS
11788 11793 64
11793 11795 CS
11795 11800 121
11800 11802 CS
11802 11807 122
11807 11809 CS
11809 11814 123
11814 11816 CS
11816 11821 13
11821 11823 CS
11823 11828 65
11828 11830 CS
11830 11835 38
11835 11837 CS
11837 11842 39
11842 11844 CS
11844 11849 66
11849 11851 CS
11851 11856 67
11856 11858 CS
11858 11863 124
11863 11865 CS
11865 11870 22
11870 11872 CS
11872 11877 125
11877 11879 CS
11879 11884 68
11884 11886 CS
11886 11891 69
11891 11893 CS
11893 11898 126
11898 11900 CS
11900 11905 40
11905 11907 CS
11907 11912 23
11912 11914 CS
11914 11919 127
11919 11921 CS
11921 11926 70
11926 11928 CS
11928 11933 71
11933 11935 CS
11935 11940 128
11940 11942 CS
11942 11947 41
11947 11949 CS
11949 11954 72
11954 11956 CS
11956 11961 74
11961 11963 CS
11963 11968 129
11968 11970 CS
11970 11975 130
11975 11977 CS
11977 11982 131
11982 11984 CS
11984 11989 75
11989 11991 CS
11991 11996 132
11996 11998 CS
11998 12003 73
12003 12005 CS
12005 12010 4
12010 12012 CS
12012 12017 133
12017 12019 CS
12019 12024 42
12024 12026 CS
12026 12031 134
12031 12033 CS
12033 12038 135
12038 12040 CS
12040 12045 76
12045 12047 CS
12047 12052 77
12052 12054 CS
12054 12059 136
12059 12061 CS
12061 12066 43
12066 12068 CS
12068 12073 78
12073 12075 CS
12075 12080 79
12080 12082 CS
12082 12087 44
12087 12089 CS
12089 12094 45
12094 12096 CS
12096 12101 137
12101 12103 CS
12103 12108 138
12108 12110 CS
12110 12115 80
12115 12117 CS
12117 12122 139
12122 12124 CS
12124 12129 140
12129 12131 CS
12131 12136 81
12136 12138 CS
12138 12143 82
12143 12145 CS
12145 12150 141
12150 12152 CS
12152 12157 9
12157 12159 CS
12159 12164 14
12164 12166 CS
12166 12171 46
12171 12173 CS
12173 12178 142
12178 12180 CS
12180 12185 143
12185 12187 CS
12187 12192 83
12192 12194 CS
12194 12199 144
12199 12201 CS
12201 12206 145
12206 12208 CS
12208 12213 146
12213 12215 CS
12215 12220 84
12220 12222 CS
12222 12227 85
12227 12229 CS
12229 12234 86
12234 12236 CS
12236 12241 147
12241 12243 CS
12243 12248 24
12248 12250 CS
12250 12255 148
12255 12257 CS
12257 12262 87
12262 12264 CS
12264 12269 88
12269 12271 CS
12271 12276 149
12276 12278 CS
12278 12283 89
12283 12285 CS
12285 12290 47
12290 12292 CS
12292 12297 7
12297 12299 CS
12299 12304 25
12304 12306 CS
12306 12311 150
12311 12313 CS
12313 12318 90
12318 12320 CS
12320 12325 91
12325 12327 CS
12327 12332 152
12332 12334 CS
12334 12339 151
12339 12341 CS
12341 12346 93
12346 12348 CS
12348 12353 153
12353 12355 CS
12355 12360 154
12360 12362 CS
12362 12367 155
12367 12369 CS
12369 12374 92
12374 12376 CS
12376 12381 156
12381 12383 CS
12383 12388 157
12388 12390 CS
12390 12395 15
12395 12397 CS
12397 12402 94
12402 12404 CS
12404 12409 158
12409 12411 CS
12411 12416 95
12416 12418 CS
12418 12423 159
12423 12425 CS
12425 12430 10
12430 12432 CS
12432 12437 161
12437 12439 CS
12439 12444 16
12444 12446 CS
12446 12451 160
12451 12453 CS
12453 12458 48
12458 12460 CS
12460 12465 162
12465 12467 CS
12467 12472 49
12472 12474 CS
12474 12479 96
12479 12481 CS
12481 12486 98
12486 12488 CS
12488 12493 163
12493 12495 CS
12495 12500 165
12500 12502 CS
12502 12507 164
12507 12509 CS
12509 12514 97
12514 12516 CS
12516 12521 99
12521 12523 CS
12523 12528 167
12528 12530 CS
12530 12535 166
12535 12537 CS
12537 12542 27
12542 12544 CS
12544 12549 26
12549 12551 CS
12551 12556 168
12556 12558 CS
12558 12563 169
12563 12565 CS
12565 12570 170
12570 12572 CS
12572 12577 171
12577 12579 CS
12579 12584 100
12584 12586 CS
12586 12591 50
12591 12593 CS
12593 12598 172
12598 12600 CS
12600 12605 101
12605 12607 CS
12607 12612 173
12612 12614 CS
12614 12619 174
12619 12621 CS
12621 12626 5
12626 12628 CS
12628 12633 175
12633 12635 CS
12635 12640 3
12640 12642 CS
12642 12647 102
12647 12649 CS
12649 12654 176
12654 12656 CS
12656 12661 177
12661 12663 CS
12663 12668 17
12668 12670 CS
12670 12675 178
12675 12677 CS
12677 12682 51
12682 12684 CS
12684 12689 179
12689 12691 CS
12691 12696 180
12696 12698 CS
12698 12703 52
12703 12705 CS
12705 12710 103
12710 12712 CS
12712 12717 181
12717 12719 CS
12719 12724 182
12724 12726 CS
12726 12731 183
12731 12733 CS
12733 12738 28
12738 12740 CS
12740 12745 54
12745 12747 CS
12747 12752 185
12752 12754 CS
12754 12759 184
12759 12761 CS
12761 12766 104
12766 12768 CS
12768 12773 29
12773 12775 CS
12775 12780 53
12780 12782 CS
12782 12787 186
12787 12789 CS
12789 12794 2
12794 12796 CS
12796 12801 18
12801 12803 CS
12803 12808 187
12808 12810 CS
12810 12815 30
12815 12817 CS
12817 12822 188
12822 12824 CS
12824 12829 55
12829 12831 CS
12831 12836 189
12836 12838 CS
12838 12843 11
12843 12845 CS
12845 12850 12
12850 12852 CS
12852 12857 105
12857 12859 CS
12859 12864 56
12864 12866 CS
12866 12871 106
12871 12873 CS
12873 12878 190
12878 12880 CS
12880 12885 191
12885 12887 CS
12887 12892 192
12892 12894 CS
12894 12899 31
12899 12901 CS
12901 12906 57
12906 12908 CS
12908 12913 193
12913 12915 CS
12915 12920 19
12920 12922 CS
12922 12927 194
12927 12929 CS
12929 12934 195
12934 12936 CS
12936 12941 107
12941 12943 CS
12943 12948 58
12948 12950 CS
12950 12955 59
12955 12957 CS
12957 12962 108
12962 12964 CS
12964 12969 196
12969 12971 CS
12971 12976 32
12976 12978 CS
12978 12983 33
12983 12985 CS
12985 12990 197
12990 12992 CS
12992 12997 60
12997 12999 CS
12999 13004 109
13004 13006 CS
13006 13011 198
13011 13013 CS
13013 13018 199
13018 13020 CS
13020 13025 6
13025 13027 CS
13027 13032 1
13032 13034 CS
13034 13039 110
13039 13041 CS
13041 13046 34
13046 13048 CS
13048 13053 61
13053 13055 CS
13055 13060 111
13060 13062 CS
13062 13067 112
13067 13069 CS
13069 13074 113
13074 13076 CS
13076 13081 20
13081 13083 CS
13083 13088 114
13088 13090 CS
13090 13095 116
13095 13097 CS
13097 13102 115
13102 13104 CS
13104 13109 36
13109 13111 CS
13111 13116 35
13116 13118 CS
13118 13123 117
13123 13125 CS
13125 13130 62
13130 13132 CS
13132 13137 119
13137 13139 CS
13139 13144 118
13144 13146 CS
13146 13151 120
13151 13153 CS
13153 13158 63
13158 13160 CS
13160 13165 21
13165 13167 CS
13167 13172 8
13172 13174 CS
13174 13179 37
13179 13181 CS
13181 13186 64
13186 13188 CS
13188 13193 121
13193 13195 CS
13195 13200 122
13200 13202 CS
13202 13207 123
13207 13209 CS
13209 13214 13
13214 13216 CS
13216 13221 65
13221 13223 CS
13223 13228 38
13228 13230 CS
13230 13235 39
13235 13237 CS
13237 13242 66
13242 13244 CS
13244 13249 67
13249 13251 CS
13251 13256 124
13256 13258 CS
13258 13263 22
13263 13265 CS
13265 13270 125
13270 13272 CS
13272 13277 68
13277 13279 CS
13279 13284 69
13284 13286 CS
13286 13291 126
13291 13293 CS
13293 13298 40
13298 13300 CS
13300 13305 23
13305 13307 CS
13307 13312 127
13312 13314 CS
13314 13319 70
13319 13321 CS
13321 13326 71
13326 13328 CS
13328 13333 128
13333 13335 CS
13335 13340 41
13340 13342 CS
13342 13347 72
13347 13349 CS
13349 13354 74
13354 13356 CS
13356 13361 129
13361 13363 CS
13363 13368 130
13368 13370 CS
13370 13375 131
13375 13377 CS
13377 13382 75
13382 13384 CS
13384 13389 132
13389 13391 CS
13391 13396 73
13396 13398 CS
13398 13403 4
13403 13405 CS
13405 13410 42
13410 13412 CS
13412 13417 133
13417 13419 CS
13419 13424 134
13424 13426 CS
13426 13431 135
13431 13433 CS
13433 13438 76
13438 13440 CS
13440 13445 77
13445 13447 CS
13447 13452 136
13452 13454 CS
13454 13459 43
13459 13461 CS
13461 13466 78
13466 13468 CS
13468 13473 79
13473 13475 CS
13475 13480 44
13480 13482 CS
13482 13487 45
13487 13489 CS
13489 13494 137
13494 13496 CS
13496 13501 138
13501 13503 CS
13503 13508 80
13508 13510 CS
13510 13515 139
13515 13517 CS
13517 13522 140
13522 13524 CS
13524 13529 81
13529 13531 CS
13531 13536 82
13536 13538 CS
13538 13543 141
13543 13545 CS
13545 13550 9
13550 13552 CS
13552 13557 14
13557 13559 CS
13559 13564 46
13564 13566 CS
13566 13571 142
13571 13573 CS
13573 13578 143
13578 13580 CS
13580 13585 83
13585 13587 CS
13587 13592 144
13592 13594 CS
13594 13599 145
13599 13601 CS
13601 13606 146
13606 13608 CS
13608 13613 84
13613 13615 CS
13615 13620 85
13620 13622 CS
13622 13627 86
13627 13629 CS
13629 13634 147
13634 13636 CS
13636 13641 24
13641 13643 CS
13643 13648 148
13648 13650 CS
13650 13655 87
13655 13657 CS
13657 13662 88
13662 13664 CS
13664 13669 149
13669 13671 CS
13671 13676 89
13676 13678 CS
13678 13683 47
13683 13685 CS
13685 13690 7
13690 13692 CS
13692 13697 25
13697 13699 CS
13699 13704 150
13704 13706 CS
13706 13711 90
13711 13713 CS
13713 13718 91
13718 13720 CS
13720 13725 152
13725 13727 CS
13727 13732 151
13732 13734 CS
13734 13739 93
13739 13741 CS
13741 13746 153
13746 13748 CS
13748 13753 154
13753 13755 CS
13755 13760 155
13760 13762 CS
13762 13767 92
13767 13769 CS
13769 13774 156
13774 13776 CS
13776 13781 157
13781 13783 CS
13783 13788 15
13788 13790 CS
13790 13795 94
13795 13797 CS
13797 13802 158
13802 13804 CS
13804 13809 95
13809 13811 CS
13811 13816 159
13816 13818 CS
13818 13823 10
13823 13825 CS
13825 13830 161
13830 13832 CS
13832 13837 16
13837 13839 CS
13839 13844 160
13844 13846 CS
13846 13851 48
13851 13853 CS
13853 13858 162
13858 13860 CS
13860 13865 49
13865 13867 CS
13867 13872 96
13872 13874 CS
13874 13879 98
13879 13881 CS
13881 13886 163
13886 13888 CS
13888 13893 165
13893 13895 CS
13895 13900 164
13900 13902 CS
13902 13907 97
13907 13909 CS
13909 13914 99
13914 13916 CS
13916 13921 167
13921 13923 CS
13923 13928 166
13928 13930 CS
13930 13935 27
13935 13937 CS
13937 13942 26
13942 13944 CS
13944 13949 168
13949 13951 CS
13951 13956 169
13956 13958 CS
13958 13963 170
13963 13965 CS
13965 13970 171
13970 13972 CS
13972 13977 100
13977 13979 CS
13979 13984 50
13984 13986 CS
13986 13991 172
13991 13993 CS
13993 13998 101
13998 14000 CS
14000 14005 173
14005 14007 CS
14007 14012 174
14012 14014 CS
14014 14019 5
14019 14021 CS
14021 14026 175
14026 14028 CS
14028 14033 3
14033 14035 CS
14035 14040 102
14040 14042 CS
14042 14047 176
14047 14049 CS
14049 14054 177
14054 14056 CS
14056 14061 17
14061 14063 CS
14063 14068 178
14068 14070 CS
14070 14075 51
14075 14077 CS
14077 14082 179
14082 14084 CS
14084 14089 180
14089 14091 CS
14091 14096 52
14096 14098 CS
14098 14103 103
14103 14105 CS
14105 14110 181
14110 14112 CS
14112 14117 182
14117 14119 CS
14119 14124 183
14124 14126 CS
14126 14131 28
14131 14133 CS
14133 14138 54
14138 14140 CS
14140 14145 185
14145 14147 CS
14147 14152 184
14152 14154 CS
14154 14159 104
14159 14161 CS
14161 14166 29
14166 14168 CS
14168 14173 53
14173 14175 CS
14175 14180 186
14180 14182 CS
14182 14183 2
14183 14185 CS
14185 14190 18
14190 14192 CS
14192 14197 187
14197 14199 CS
14199 14204 30
14204 14206 CS
14206 14211 188
14211 14213 CS
14213 14218 55
14218 14220 CS
14220 14225 189
14225 14227 CS
14227 14232 11
14232 14234 CS
14234 14239 12
14239 14241 CS
14241 14246 105
14246 14248 CS
14248 14253 56
14253 14255 CS
14255 14260 106
14260 14262 CS
14262 14267 190
14267 14269 CS
14269 14274 191
14274 14276 CS
14276 14281 192
14281 14283 CS
14283 14288 31
14288 14290 CS
14290 14295 57
14295 14297 CS
14297 14302 193
14302 14304 CS
14304 14309 19
14309 14311 CS
14311 14316 194
14316 14318 CS
14318 14323 195
14323 14325 CS
14325 14330 107
14330 14332 CS
14332 14337 58
14337 14339 CS
14339 14344 59
14344 14346 CS
14346 14351 108
14351 14353 CS
14353 14358 196
14358 14360 CS
14360 14365 32
14365 14367 CS
14367 14372 33
14372 14374 CS
14374 14379 197
14379 14381 CS
14381 14386 60
14386 14388 CS
14388 14393 109
14393 14395 CS
14395 14400 198
14400 14402 CS
14402 14407 199
14407 14409 CS
14409 14414 6
14414 14416 CS
14416 14421 1
14421 14423 CS
14423 14428 110
14428 14430 CS
14430 14435 34
14435 14437 CS
14437 14442 61
14442 14444 CS
14444 14449 111
14449 14451 CS
14451 14456 112
14456 14458 CS
14458 14463 113
14463 14465 CS
14465 14470 20
14470 14472 CS
14472 14477 114
14477 14479 CS
14479 14484 116
14484 14486 CS
14486 14491 115
14491 14493 CS
14493 14498 36
14498 14500 CS
14500 14505 35
14505 14507 CS
14507 14512 117
14512 14514 CS
14514 14519 62
14519 14521 CS
14521 14526 119
14526 14528 CS
14528 14533 118
14533 14535 CS
14535 14540 120
14540 14542 CS
14542 14547 63
14547 14549 CS
14549 14554 21
14554 14556 CS
14556 14561 8
14561 14563 CS
14563 14568 37
14568 14570 CS
14570 14575 64
14575 14577 CS
14577 14582 121
14582 14584 CS
14584 14589 122
14589 14591 CS
14591 14596 123
14596 14598 CS
14598 14603 13
14603 14605 CS
14605 14610 65
14610 14612 CS
14612 14617 38
14617 14619 CS
14619 14624 39
14624 14626 CS
14626 14631 66
14631 14633 CS
14633 14638 67
14638 14640 CS
14640 14645 124
14645 14647 CS
14647 14652 22
14652 14654 CS
14654 14659 125
14659 14661 CS
14661 14666 68
14666 14668 CS
14668 14673 69
14673 14675 CS
14675 14680 126
14680 14682 CS
14682 14687 40
14687 14689 CS
14689 14694 23
14694 14696 CS
14696 14701 127
14701 14703 CS
14703 14708 70
14708 14710 CS
14710 14715 71
14715 14717 CS
14717 14722 128
14722 14724 CS
14724 14729 41
14729 14731 CS
14731 14736 72
14736 14738 CS
14738 14743 74
14743 14745 CS
14745 14750 129
14750 14752 CS
14752 14757 130
14757 14759 CS
14759 14764 131
14764 14766 CS
14766 14771 75
14771 14773 CS
14773 14778 132
14778 14780 CS
14780 14785 73
14785 14787 CS
14787 14792 42
14792 14794 CS
14794 14799 133
14799 14801 CS
14801 14806 134
14806 14808 CS
14808 14813 135
14813 14815 CS
14815 14820 76
14820 14822 CS
14822 14827 77
14827 14829 CS
14829 14834 136
14834 14836 CS
14836 14841 43
14841 14843 CS
14843 14848 78
14848 14850 CS
14850 14855 79
14855 14857 CS
14857 14862 44
14862 14864 CS
14864 14869 45
14869 14871 CS
14871 14876 137
14876 14878 CS
14878 14883 138
14883 14885 CS
14885 14890 80
14890 14892 CS
14892 14897 139
14897 14899 CS
14899 14904 140
14904 14906 CS
14906 14911 81
14911 14913 CS
14913 14918 82
14918 14920 CS
14920 14925 141
14925 14927 CS
14927 14932 9
14932 14934 CS
14934 14939 14
14939 14941 CS
14941 14946 46
14946 14948 CS
14948 14953 142
14953 14955 CS
14955 14960 143
14960 14962 CS
14962 14967 83
14967 14969 CS
14969 14974 144
14974 14976 CS
14976 14981 145
14981 14983 CS
14983 14988 146
14988 14990 CS
14990 14995 84
14995 14997 CS
14997 15002 85
15002 15004 CS
15004 15009 86
15009 15011 CS
15011 15016 147
15016 15018 CS
15018 15023 24
15023 15025 CS
15025 15030 148
15030 15032 CS
15032 15037 87
15037 15039 CS
15039 15044 88
15044 15046 CS
15046 15051 149
15051 15053 CS
15053 15058 89
15058 15060 CS
15060 15065 47
15065 15067 CS
15067 15072 7
15072 15074 CS
15074 15079 25
15079 15081 CS
15081 15086 150
15086 15088 CS
15088 15093 90
15093 15095 CS
15095 15100 91
15100 15102 CS
15102 15107 152
15107 15109 CS
15109 15114 151
15114 15116 CS
15116 15121 93
15121 15123 CS
15123 15128 153
15128 15130 CS
15130 15135 154
15135 15137 CS
15137 15142 155
15142 15144 CS
15144 15149 92
15149 15151 CS
15151 15156 156
15156 15158 CS
15158 15163 157
15163 15165 CS
15165 15170 15
15170 15172 CS
15172 15177 94
15177 15179 CS
15179 15184 158
15184 15186 CS
15186 15191 95
15191 15193 CS
15193 15198 159
15198 15200 CS
15200 15205 10
15205 15207 CS
15207 15212 161
15212 15214 CS
15214 15219 16
15219 15221 CS
15221 15226 160
15226 15228 CS
15228 15233 48
15233 15235 CS
15235 15240 162
15240 15242 CS
15242 15247 49
15247 15249 CS
15249 15254 96
15254 15256 CS
15256 15261 98
15261 15263 CS
15263 15268 163
15268 15270 CS
15270 15275 165
15275 15277 CS
15277 15282 164
15282 15284 CS
15284 15289 97
15289 15291 CS
15291 15296 99
15296 15298 CS
15298 15303 167
15303 15305 CS
15305 15310 166
15310 15312 CS
15312 15317 27
15317 15319 CS
15319 15324 26
15324 15326 CS
15326 15331 168
15331 15333 CS
15333 15338 169
15338 15340 CS
15340 15345 170
15345 15347 CS
15347 15352 171
15352 15354 CS
15354 15359 100
15359 15361 CS
15361 15366 50
15366 15368 CS
15368 15373 172
15373 15375 CS
15375 15380 101
15380 15382 CS
15382 15387 173
15387 15389 CS
15389 15394 174
15394 15396 CS
15396 15401 5
15401 15403 CS
15403 15408 175
15408 15410 CS
15410 15415 3
15415 15417 CS
15417 15422 102
15422 15424 CS
15424 15429 176
15429 15431 CS
15431 15436 177
15436 15438 CS
15438 15443 17
15443 15445 CS
15445 15450 178
15450 15452 CS
15452 15457 51
15457 15459 CS
15459 15464 179
15464 15466 CS
15466 15471 180
15471 15473 CS
15473 15478 52
15478 15480 CS
15480 15485 103
15485 15487 CS
15487 15492 181
15492 15494 CS
15494 15499 182
15499 15501 CS
15501 15506 183
15506 15508 CS
15508 15513 28
15513 15515 CS
15515 15520 54
15520 15522 CS
15522 15527 185
15527 15529 CS
15529 15534 184
15534 15536 CS
15536 15541 104
15541 15543 CS
15543 15548 29
15548 15550 CS
15550 15555 53
15555 15557 CS
15557 15562 186
15562 15564 CS
15564 15569 18
15569 15571 CS
15571 15576 187
15576 15578 CS
15578 15583 30
15583 15585 CS
15585 15590 188
15590 15592 CS
15592 15597 55
15597 15599 CS
15599 15604 189
15604 15606 CS
15606 15611 11
15611 15613 CS
15613 15618 12
15618 15620 CS
15620 15625 105
15625 15627 CS
15627 15632 56
15632 15634 CS
15634 15639 106
15639 15641 CS
15641 15646 190
15646 15648 CS
15648 15653 191
15653 15655 CS
15655 15660 192
15660 15662 CS
15662 15667 31
15667 15669 CS
15669 15674 57
15674 15676 CS
15676 15681 193
15681 15683 CS
15683 15688 19
15688 15690 CS
15690 15695 194
15695 15697 CS
15697 15702 195
15702 15704 CS
15704 15709 107
15709 15711 CS
15711 15716 58
15716 15718 CS
15718 15723 59
15723 15725 CS
15725 15730 108
15730 15732 CS
15732 15737 196
15737 15739 CS
15739 15744 32
15744 15746 CS
15746 15751 33
15751 15753 CS
15753 15758 197
15758 15760 CS
15760 15765 60
15765 15767 CS
15767 15772 109
15772 15774 CS
15774 15779 198
15779 15781 CS
15781 15786 199
15786 15788 CS
15788 15789 6
15789 15791 CS
15791 15796 1
15796 15798 CS
15798 15803 110
15803 15805 CS
15805 15810 34
15810 15812 CS
15812 15817 61
15817 15819 CS
15819 15824 111
15824 15826 CS
15826 15831 112
15831 15833 CS
15833 15838 113
15838 15840 CS
15840 15845 20
15845 15847 CS
15847 15852 114
15852 15854 CS
15854 15859 116
15859 15861 CS
15861 15866 115
15866 15868 CS
15868 15873 36
15873 15875 CS
15875 15880 35
15880 15882 CS
15882 15887 117
15887 15889 CS
15889 15894 62
15894 15896 CS
15896 15901 119
15901 15903 CS
15903 15908 118
15908 15910 CS
15910 15915 120
15915 15917 CS
15917 15922 63
15922 15924 CS
15924 15929 21
15929 15931 CS
15931 15936 8
15936 15938 CS
15938 15943 37
15943 15945 CS
15945 15950 64
15950 15952 CS
15952 15957 121
15957 15959 CS
15959 15964 122
15964 15966 CS
15966 15971 123
15971 15973 CS
15973 15978 13
15978 15980 CS
15980 15985 65
15985 15987 CS
15987 15992 38
15992 15994 CS
15994 15999 39
15999 16001 CS
16001 16006 66
16006 16008 CS
16008 16013 67
16013 16015 CS
16015 16020 124
16020 16022 CS
16022 16027 22
16027 16029 CS
16029 16034 125
16034 16036 CS
16036 16041 68
16041 16043 CS
16043 16048 69
16048 16050 CS
16050 16055 126
16055 16057 CS
16057 16062 40
16062 16064 CS
16064 16069 23
16069 16071 CS
16071 16076 127
16076 16078 CS
16078 16083 70
16083 16085 CS
16085 16090 71
16090 16092 CS
16092 16097 128
16097 16099 CS
16099 16104 41
16104 16106 CS
16106 16111 72
16111 16113 CS
16113 16118 74
16118 16120 CS
16120 16125 129
16125 16127 CS
16127 16132 130
16132 16134 CS
16134 16139 131
16139 16141 CS
16141 16146 75
16146 16148 CS
16148 16153 132
16153 16155 CS
16155 16160 42
16160 16162 CS
16162 16167 73
16167 16169 CS
16169 16174 133
16174 16176 CS
16176 16181 134
16181 16183 CS
16183 16188 135
16188 16190 CS
16190 16195 76
16195 16197 CS
16197 16202 77
16202 16204 CS
16204 16209 136
16209 16211 CS
16211 16216 43
16216 16218 CS
16218 16223 78
16223 16225 CS
16225 16230 79
16230 16232 CS
16232 16237 44
16237 16239 CS
16239 16244 45
16244 16246 CS
16246 16251 137
16251 16253 CS
16253 16258 138
16258 16260 CS
16260 16265 80
16265 16267 CS
16267 16272 139
16272 16274 CS
16274 16279 140
16279 16281 CS
16281 16286 81
16286 16288 CS
16288 16293 82
16293 16295 CS
16295 16300 141
16300 16302 CS
16302 16307 9
16307 16309 CS
16309 16314 14
16314 16316 CS
16316 16321 46
16321 16323 CS
16323 16328 142
16328 16330 CS
16330 16335 143
16335 16337 CS
16337 16342 83
16342 16344 CS
16344 16349 144
16349 16351 CS
16351 16356 145
16356 16358 CS
16358 16363 146
16363 16365 CS
16365 16370 84
16370 16372 CS
16372 16377 85
16377 16379 CS
16379 16384 86
16384 16386 CS
16386 16391 147
16391 16393 CS
16393 16398 24
16398 16400 CS
16400 16405 148
16405 16407 CS
16407 16412 87
16412 16414 CS
16414 16419 88
16419 16421 CS
16421 16426 149
16426 16428 CS
16428 16433 89
16433 16435 CS
16435 16440 47
16440 16442 CS
16442 16447 25
16447 16449 CS
16449 16454 150
16454 16456 CS
16456 16461 91
16461 16463 CS
16463 16468 90
16468 16470 CS
16470 16475 152
16475 16477 CS
16477 16482 151
16482 16484 CS
16484 16489 93
16489 16491 CS
16491 16496 153
16496 16498 CS
16498 16503 154
16503 16505 CS
16505 16510 155
16510 16512 CS
16512 16517 92
16517 16519 CS
16519 16524 156
16524 16526 CS
16526 16531 157
16531 16533 CS
16533 16538 15
16538 16540 CS
16540 16545 94
16545 16547 CS
16547 16552 158
16552 16554 CS
16554 16559 95
16559 16561 CS
16561 16566 159
16566 16568 CS
16568 16573 10
16573 16575 CS
16575 16580 161
16580 16582 CS
16582 16587 16
16587 16589 CS
16589 16594 160
16594 16596 CS
16596 16601 48
16601 16603 CS
16603 16608 162
16608 16610 CS
16610 16615 49
16615 16617 CS
16617 16622 96
16622 16624 CS
16624 16629 98
16629 16631 CS
16631 16636 163
16636 16638 CS
16638 16643 165
16643 16645 CS
16645 16650 164
16650 16652 CS
16652 16657 97
16657 16659 CS
16659 16664 99
16664 16666 CS
16666 16671 167
16671 16673 CS
16673 16678 166
16678 16680 CS
16680 16685 27
16685 16687 CS
16687 16692 26
16692 16694 CS
16694 16699 168
16699 16701 CS
16701 16706 169
16706 16708 CS
16708 16713 170
16713 16715 CS
16715 16720 171
16720 16722 CS
16722 16727 100
16727 16729 CS
16729 16734 50
16734 16736 CS
16736 16741 172
16741 16743 CS
16743 16748 101
16748 16750 CS
16750 16755 173
16755 16757 CS
16757 16762 174
16762 16764 CS
16764 16769 5
16769 16771 CS
16771 16776 175
16776 16778 CS
16778 16783 3
16783 16785 CS
16785 16790 102
16790 16792 CS
16792 16797 176
16797 16799 CS
16799 16804 177
16804 16806 CS
16806 16811 17
16811 16813 CS
16813 16818 178
16818 16820 CS
16820 16825 51
16825 16827 CS
16827 16832 179
16832 16834 CS
16834 16839 180
16839 16841 CS
16841 16846 52
16846 16848 CS
16848 16853 103
16853 16855 CS
16855 16860 181
16860 16862 CS
16862 16867 182
16867 16869 CS
16869 16874 183
16874 16876 CS
16876 16881 28
16881 16883 CS
16883 16888 54
16888 16890 CS
16890 16895 185
16895 16897 CS
16897 16902 184
16902 16904 CS
16904 16909 104
16909 16911 CS
16911 16916 29
16916 16918 CS
16918 16923 53
16923 16925 CS
16925 16930 186
16930 16932 CS
16932 16937 18
16937 16939 CS
16939 16944 187
16944 16946 CS
16946 16951 30
16951 16953 CS
16953 16958 188
16958 16960 CS
16960 16965 55
16965 16967 CS
16967 16972 189
16972 16974 CS
16974 16979 11
16979 16981 CS
16981 16986 12
16986 16988 CS
16988 16993 105
16993 16995 CS
16995 17000 56
17000 17002 CS
17002 17007 106
17007 17009 CS
17009 17014 190
17014 17016 CS
17016 17021 191
17021 17023 CS
17023 17028 192
17028 17030 CS
17030 17035 31
17035 17037 CS
17037 17042 57
17042 17044 CS
17044 17049 193
17049 17051 CS
17051 17056 19
17056 17058 CS
17058 17063 194
17063 17065 CS
17065 17070 195
17070 17072 CS
17072 17077 107
17077 17079 CS
17079 17084 58
17084 17086 CS
17086 17091 59
17091 17093 CS
17093 17098 108
17098 17100 CS
17100 17105 196
17105 17107 CS
17107 17112 32
17112 17114 CS
17114 17119 33
17119 17121 CS
17121 17126 197
17126 17128 CS
17128 17133 60
17133 17135 CS
17135 17140 109
17140 17142 CS
17142 17147 198
17147 17149 CS
17149 17154 199
17154 17156 CS
17156 17161 1
17161 17163 CS
17163 17168 110
17168 17170 CS
17170 17175 34
17175 17177 CS
17177 17182 61
17182 17184 CS
17184 17189 111
17189 17191 CS
17191 17196 112
17196 17198 CS
17198 17203 113
17203 17205 CS
17205 17210 20
17210 17212 CS
17212 17217 114
17217 17219 CS
17219 17224 116
17224 17226 CS
17226 17231 115
17231 17233 CS
17233 17238 36
17238 17240 CS
17240 17245 35
17245 17247 CS
17247 17252 117
17252 17254 CS
17254 17259 62
17259 17261 CS
17261 17266 119
17266 17268 CS
17268 17273 118
17273 17275 CS
17275 17280 120
17280 17282 CS
17282 17287 63
17287 17289 CS
17289 17294 21
17294 17296 CS
17296 17297 8
17297 17299 CS
17299 17304 37
17304 17306 CS
17306 17311 64
17311 17313 CS
17313 17318 121
17318 17320 CS
17320 17325 122
17325 17327 CS
17327 17332 123
17332 17334 CS
17334 17339 13
17339 17341 CS
17341 17346 65
17346 17348 CS
17348 17353 38
17353 17355 CS
17355 17360 39
17360 17362 CS
17362 17367 66
17367 17369 CS
17369 17374 67
17374 17376 CS
17376 17381 124
17381 17383 CS
17383 17388 22
17388 17390 CS
17390 17395 125
17395 17397 CS
17397 17402 68
17402 17404 CS
17404 17409 69
17409 17411 CS
17411 17416 126
17416 17418 CS
17418 17423 40
17423 17425 CS
17425 17430 23
17430 17432 CS
17432 17437 127
17437 17439 CS
17439 17444 70
17444 17446 CS
17446 17451 71
17451 17453 CS
17453 17458 128
17458 17460 CS
17460 17465 41
17465 17467 CS
17467 17472 72
17472 17474 CS
17474 17479 74
17479 17481 CS
17481 17486 129
17486 17488 CS
17488 17493 130
17493 17495 CS
17495 17500 131
17500 17502 CS
17502 17507 75
17507 17509 CS
17509 17514 132
17514 17516 CS
17516 17521 42
17521 17523 CS
17523 17528 73
17528 17530 CS
17530 17535 133
17535 17537 CS
17537 17542 134
17542 17544 CS
17544 17549 135
17549 17551 CS
17551 17556 76
17556 17558 CS
17558 17563 77
17563 17565 CS
17565 17570 136
17570 17572 CS
17572 17577 43
17577 17579 CS
17579 17584 78
17584 17586 CS
17586 17591 79
17591 17593 CS
17593 17598 44
17598 17600 CS
17600 17605 45
17605 17607 CS
17607 17612 137
17612 17614 CS
17614 17619 138
17619 17621 CS
17621 17626 80
17626 17628 CS
17628 17633 139
17633 17635 CS
17635 17640 140
17640 17642 CS
17642 17647 81
17647 17649 CS
17649 17654 82
17654 17656 CS
17656 17661 141
17661 17663 CS
17663 17668 9
17668 17670 CS
17670 17675 14
17675 17677 CS
17677 17682 46
17682 17684 CS
17684 17689 142
17689 17691 CS
17691 17696 143
17696 17698 CS
17698 17703 83
17703 17705 CS
17705 17710 144
17710 17712 CS
17712 17717 145
17717 17719 CS
17719 17724 146
17724 17726 CS
17726 17731 84
17731 17733 CS
17733 17738 85
17738 17740 CS
17740 17745 86
17745 17747 CS
17747 17752 147
17752 17754 CS
17754 17759 24
17759 17761 CS
17761 17766 148
17766 17768 CS
17768 17773 87
17773 17775 CS
17775 17780 88
17780 17782 CS
17782 17787 149
17787 17789 CS
17789 17794 89
17794 17796 CS
17796 17801 47
17801 17803 CS
17803 17808 25
17808 17810 CS
17810 17815 150
17815 17817 CS
17817 17822 91
17822 17824 CS
17824 17829 90
17829 17831 CS
17831 17836 152
17836 17838 CS
17838 17843 151
17843 17845 CS
17845 17850 93
17850 17852 CS
17852 17857 153
17857 17859 CS
17859 17864 154
17864 17866 CS
17866 17871 155
17871 17873 CS
17873 17878 92
17878 17880 CS
17880 17885 156
17885 17887 CS
17887 17892 157
17892 17894 CS
17894 17899 15
17899 17901 CS
17901 17906 94
17906 17908 CS
17908 17913 158
17913 17915 CS
17915 17920 95
17920 17922 CS
17922 17927 159
17927 17929 CS
17929 17934 10
17934 17936 CS
17936 17941 161
17941 17943 CS
17943 17948 16
17948 17950 CS
17950 17955 160
17955 17957 CS
17957 17962 48
17962 17964 CS
17964 17969 162
17969 17971 CS
17971 17976 49
17976 17978 CS
17978 17983 96
17983 17985 CS
17985 17990 98
17990 17992 CS
17992 17997 163
17997 17999 CS
17999 18004 165
18004 18006 CS
18006 18011 164
18011 18013 CS
18013 18018 97
18018 18020 CS
18020 18025 99
18025 18027 CS
18027 18032 167
18032 18034 CS
18034 18039 166
18039 18041 CS
18041 18046 27
18046 18048 CS
18048 18053 26
18053 18055 CS
18055 18060 168
18060 18062 CS
18062 18067 169
18067 18069 CS
18069 18074 170
18074 18076 CS
18076 18081 171
18081 18083 CS
18083 18088 100
18088 18090 CS
18090 18095 50
18095 18097 CS
18097 18102 172
18102 18104 CS
18104 18109 101
18109 18111 CS
18111 18116 173
18116 18118 CS
18118 18123 174
18123 18125 CS
18125 18129 5
18129 18131 CS
18131 18136 175
18136 18138 CS
18138 18143 3
18143 18145 CS
18145 18150 102
18150 18152 CS
18152 18157 176
18157 18159 CS
18159 18164 177
18164 18166 CS
18166 18171 17
18171 18173 CS
18173 18178 178
18178 18180 CS
18180 18185 51
18185 18187 CS
18187 18192 179
18192 18194 CS
18194 18199 180
18199 18201 CS
18201 18206 52
18206 18208 CS
18208 18213 103
18213 18215 CS
18215 18220 181
18220 18222 CS
18222 18227 182
18227 18229 CS
18229 18234 183
18234 18236 CS
18236 18241 28
18241 18243 CS
18243 18248 54
18248 18250 CS
18250 18255 185
18255 18257 CS
18257 18262 184
18262 18264 CS
18264 18269 104
18269 18271 CS
18271 18276 29
18276 18278 CS
18278 18283 53
18283 18285 CS
18285 18290 186
18290 18292 CS
18292 18297 18
18297 18299 CS
18299 18304 187
18304 18306 CS
18306 18311 30
18311 18313 CS
18313 18318 188
18318 18320 CS
18320 18325 55
18325 18327 CS
18327 18332 189
18332 18334 CS
18334 18339 11
18339 18341 CS
18341 18346 12
18346 18348 CS
18348 18353 105
18353 18355 CS
18355 18360 56
18360 18362 CS
18362 18367 106
18367 18369 CS
18369 18374 190
18374 18376 CS
18376 18381 191
18381 18383 CS
18383 18388 192
18388 18390 CS
18390 18395 31
18395 18397 CS
18397 18402 57
18402 18404 CS
18404 18409 193
18409 18411 CS
18411 18416 19
18416 18418 CS
18418 18423 194
18423 18425 CS
18425 18430 195
18430 18432 CS
18432 18437 107
18437 18439 CS
18439 18444 58
18444 18446 CS
18446 18451 59
18451 18453 CS
18453 18458 108
18458 18460 CS
18460 18465 196
18465 18467 CS
18467 18472 32
18472 18474 CS
18474 18479 33
18479 18481 CS
18481 18486 197
18486 18488 CS
18488 18493 60
18493 18495 CS
18495 18500 109
18500 18502 CS
18502 18507 198
18507 18509 CS
18509 18514 199
18514 18516 CS
18516 18521 110
18521 18523 CS
18523 18526 1
18526 18528 CS
18528 18533 34
18533 18535 CS
18535 18540 61
18540 18542 CS
18542 18547 111
18547 18549 CS
18549 18554 112
18554 18556 CS
18556 18561 113
18561 18563 CS
18563 18568 20
18568 18570 CS
18570 18575 114
18575 18577 CS
18577 18582 116
18582 18584 CS
18584 18589 115
18589 18591 CS
18591 18596 36
18596 18598 CS
18598 18603 35
18603 18605 CS
18605 18610 117
18610 18612 CS
18612 18617 62
18617 18619 CS
18619 18624 119
18624 18626 CS
18626 18631 118
18631 18633 CS
18633 18638 120
18638 18640 CS
18640 18645 63
18645 18647 CS
18647 18652 21
18652 18654 CS
18654 18659 37
18659 18661 CS
18661 18666 64
18666 18668 CS
18668 18673 121
18673 18675 CS
18675 18680 122
18680 18682 CS
18682 18687 123
18687 18689 CS
18689 18694 13
18694 18696 CS
18696 18701 65
18701 18703 CS
18703 18708 38
18708 18710 CS
18710 18715 39
18715 18717 CS
18717 18722 66
18722 18724 CS
18724 18729 67
18729 18731 CS
18731 18736 124
18736 18738 CS
18738 18743 22
18743 18745 CS
18745 18750 125
18750 18752 CS
18752 18757 68
18757 18759 CS
18759 18764 69
18764 18766 CS
18766 18771 126
18771 18773 CS
18773 18778 40
18778 18780 CS
18780 18785 23
18785 18787 CS
18787 18792 127
18792 18794 CS
18794 18799 70
18799 18801 CS
18801 18806 71
18806 18808 CS
18808 18813 128
18813 18815 CS
18815 18820 41
18820 18822 CS
18822 18827 72
18827 18829 CS
18829 18834 74
18834 18836 CS
18836 18841 129
18841 18843 CS
18843 18848 130
18848 18850 CS
18850 18855 131
18855 18857 CS
18857 18862 75
18862 18864 CS
18864 18869 132
18869 18871 CS
18871 18876 42
18876 18878 CS
18878 18883 73
18883 18885 CS
18885 18890 133
18890 18892 CS
18892 18897 134
18897 18899 CS
18899 18904 135
18904 18906 CS
18906 18911 76
18911 18913 CS
18913 18918 77
18918 18920 CS
18920 18925 136
18925 18927 CS
18927 18932 43
18932 18934 CS
18934 18939 78
18939 18941 CS
18941 18946 79
18946 18948 CS
18948 18953 44
18953 18955 CS
18955 18960 45
18960 18962 CS
18962 18967 137
18967 18969 CS
18969 18974 138
18974 18976 CS
18976 18981 80
18981 18983 CS
18983 18988 139
18988 18990 CS
18990 18995 140
18995 18997 CS
18997 19002 81
19002 19004 CS
19004 19009 82
19009 19011 CS
19011 19016 141
19016 19018 CS
19018 19023 9
19023 19025 CS
19025 19030 14
19030 19032 CS
19032 19037 46
19037 19039 CS
19039 19044 142
19044 19046 CS
19046 19051 143
19051 19053 CS
19053 19058 83
19058 19060 CS
19060 19065 144
19065 19067 CS
19067 19072 145
19072 19074 CS
19074 19079 146
19079 19081 CS
19081 19086 84
19086 19088 CS
19088 19093 85
19093 19095 CS
19095 19100 86
19100 19102 CS
19102 19107 147
19107 19109 CS
19109 19114 24
19114 19116 CS
19116 19121 148
19121 19123 CS
19123 19128 87
19128 19130 CS
19130 19135 88
19135 19137 CS
19137 19142 149
19142 19144 CS
19144 19149 89
19149 19151 CS
19151 19156 47
19156 19158 CS
19158 19163 25
19163 19165 CS
19165 19170 150
19170 19172 CS
19172 19177 91
19177 19179 CS
19179 19184 90
19184 19186 CS
19186 19191 152
19191 19193 CS
19193 19198 151
19198 19200 CS
19200 19205 93
19205 19207 CS
19207 19212 153
19212 19214 CS
19214 19219 154
19219 19221 CS
19221 19226 155
19226 19228 CS
19228 19233 92
19233 19235 CS
19235 19240 156
19240 19242 CS
19242 19247 157
19247 19249 CS
19249 19254 15
19254 19256 CS
19256 19261 94
19261 19263 CS
19263 19268 158
19268 19270 CS
19270 19275 95
19275 19277 CS
19277 19282 159
19282 19284 CS
19284 19289 10
19289 19291 CS
19291 19296 161
19296 19298 CS
19298 19300 16
19300 19302 CS
19302 19307 160
19307 19309 CS
19309 19314 48
19314 19316 CS
19316 19321 162
19321 19323 CS
19323 19328 49
19328 19330 CS
19330 19335 96
19335 19337 CS
19337 19342 98
19342 19344 CS
19344 19349 163
19349 19351 CS
19351 19356 165
19356 19358 CS
19358 19363 164
19363 19365 CS
19365 19370 97
19370 19372 CS
19372 19377 99
19377 19379 CS
19379 19384 167
19384 19386 CS
19386 19391 166
19391 19393 CS
19393 19398 27
19398 19400 CS
19400 19405 26
19405 19407 CS
19407 19412 168
19412 19414 CS
19414 19419 169
19419 19421 CS
19421 19426 170
19426 19428 CS
19428 19433 171
19433 19435 CS
19435 19440 100
19440 19442 CS
19442 19447 50
19447 19449 CS
19449 19454 172
19454 19456 CS
19456 19461 101
19461 19463 CS
19463 19468 173
19468 19470 CS
19470 19475 174
19475 19477 CS
19477 19482 175
19482 19484 CS
19484 19488 3
19488 19490 CS
19490 19495 102
19495 19497 CS
19497 19502 176
19502 19504 CS
19504 19509 177
19509 19511 CS
19511 19516 17
19516 19518 CS
19518 19523 178
19523 19525 CS
19525 19530 51
19530 19532 CS
19532 19537 179
19537 19539 CS
19539 19544 180
19544 19546 CS
19546 19551 52
19551 19553 CS
19553 19558 103
19558 19560 CS
19560 19565 181
19565 19567 CS
19567 19572 182
19572 19574 CS
19574 19579 183
19579 19581 CS
19581 19586 28
19586 19588 CS
19588 19593 54
19593 19595 CS
19595 19600 185
19600 19602 CS
19602 19607 184
19607 19609 CS
19609 19614 104
19614 19616 CS
19616 19621 29
19621 19623 CS
19623 19628 53
19628 19630 CS
19630 19635 186
19635 19637 CS
19637 19642 18
19642 19644 CS
19644 19649 187
19649 19651 CS
19651 19656 30
19656 19658 CS
19658 19663 188
19663 19665 CS
19665 19670 55
19670 19672 CS
19672 19677 189
19677 19679 CS
19679 19684 11
19684 19686 CS
19686 19691 12
19691 19693 CS
19693 19698 105
19698 19700 CS
19700 19705 56
19705 19707 CS
19707 19712 106
19712 19714 CS
19714 19719 190
19719 19721 CS
19721 19726 191
19726 19728 CS
19728 19733 192
19733 19735 CS
19735 19740 31
19740 19742 CS
19742 19747 57
19747 19749 CS
19749 19754 193
19754 19756 CS
19756 19761 19
19761 19763 CS
19763 19768 194
19768 19770 CS
19770 19775 195
19775 19777 CS
19777 19782 107
19782 19784 CS
19784 19789 58
19789 19791 CS
19791 19796 59
19796 19798 CS
19798 19803 108
19803 19805 CS
19805 19810 196
19810 19812 CS
19812 19817 32
19817 19819 CS
19819 19824 33
19824 19826 CS
19826 19831 197
19831 19833 CS
19833 19838 60
19838 19840 CS
19840 19845 109
19845 19847 CS
19847 19852 198
19852 19854 CS
19854 19859 199
19859 19861 CS
19861 19866 110
19866 19868 CS
19868 19873 34
19873 19875 CS
19875 19880 61
19880 19882 CS
19882 19887 111
19887 19889 CS
19889 19894 112
19894 19896 CS
19896 19901 113
19901 19903 CS
19903 19908 20
19908 19910 CS
19910 19915 114
19915 19917 CS
19917 19922 116
19922 19924 CS
19924 19929 115
19929 19931 CS
19931 19936 36
19936 19938 CS
19938 19943 35
19943 19945 CS
19945 19950 117
19950 19952 CS
19952 19957 62
19957 19959 CS
19959 19964 119
19964 19966 CS
19966 19971 118
19971 19973 CS
19973 19978 120
19978 19980 CS
19980 19985 63
19985 19987 CS
19987 19992 21
19992 19994 CS
19994 19999 37
19999 20001 CS
20001 20006 64
20006 20008 CS
20008 20013 121
20013 20015 CS
20015 20020 122
20020 20022 CS
20022 20027 123
20027 20029 CS
20029 20034 13
20034 20036 CS
20036 20041 65
20041 20043 CS
20043 20048 38
20048 20050 CS
20050 20055 39
20055 20057 CS
20057 20062 66
20062 20064 CS
20064 20069 67
20069 20071 CS
20071 20076 124
20076 20078 CS
20078 20083 22
20083 20085 CS
20085 20090 125
20090 20092 CS
20092 20097 68
20097 20099 CS
20099 20104 69
20104 20106 CS
20106 20111 126
20111 20113 CS
20113 20118 40
20118 20120 CS
20120 20125 127
20125 20127 CS
20127 20132 70
20132 20134 CS
20134 20139 71
20139 20141 CS
20141 20146 128
20146 20148 CS
20148 20153 41
20153 20155 CS
20155 20160 72
20160 20162 CS
20162 20167 74
20167 20169 CS
20169 20174 129
20174 20176 CS
20176 20181 130
20181 20183 CS
20183 20188 131
20188 20190 CS
20190 20195 75
20195 20197 CS
20197 20202 132
20202 20204 CS
20204 20209 42
20209 20211 CS
20211 20216 73
20216 20218 CS
20218 20223 133
20223 20225 CS
20225 20230 134
20230 20232 CS
20232 20237 135
20237 20239 CS
20239 20244 76
20244 20246 CS
20246 20251 77
20251 20253 CS
20253 20258 136
20258 20260 CS
20260 20265 43
20265 20267 CS
20267 20272 78
20272 20274 CS
20274 20279 79
20279 20281 CS
20281 20286 44
20286 20288 CS
20288 20293 45
20293 20295 CS
20295 20300 137
20300 20302 CS
20302 20307 138
20307 20309 CS
20309 20314 80
20314 20316 CS
20316 20321 139
20321 20323 CS
20323 20328 140
20328 20330 CS
20330 20335 81
20335 20337 CS
20337 20342 82
20342 20344 CS
20344 20349 141
20349 20351 CS
20351 20356 9
20356 20358 CS
20358 20363 14
20363 20365 CS
20365 20370 46
20370 20372 CS
20372 20377 142
20377 20379 CS
20379 20384 143
20384 20386 CS
20386 20391 83
20391 20393 CS
20393 20398 144
20398 20400 CS
20400 20405 145
20405 20407 CS
20407 20412 146
20412 20414 CS
20414 20419 84
20419 20421 CS
20421 20426 85
20426 20428 CS
20428 20433 86
20433 20435 CS
20435 20440 147
20440 20442 CS
20442 20447 24
20447 20449 CS
20449 20454 148
20454 20456 CS
20456 20461 87
20461 20463 CS
20463 20468 88
20468 20470 CS
20470 20475 149
20475 20477 CS
20477 20482 89
20482 20484 CS
20484 20489 47
20489 20491 CS
20491 20496 25
20496 20498 CS
20498 20503 150
20503 20505 CS
20505 20510 91
20510 20512 CS
20512 20517 90
20517 20519 CS
20519 20524 152
20524 20526 CS
20526 20531 151
20531 20533 CS
20533 20538 93
20538 20540 CS
20540 20545 153
20545 20547 CS
20547 20552 154
20552 20554 CS
20554 20559 155
20559 20561 CS
20561 20566 92
20566 20568 CS
20568 20573 156
20573 20575 CS
20575 20580 157
20580 20582 CS
20582 20587 15
20587 20589 CS
20589 20594 94
20594 20596 CS
20596 20601 158
20601 20603 CS
20603 20608 95
20608 20610 CS
20610 20615 159
20615 20617 CS
20617 20622 161
20622 20624 CS
20624 20628 10
20628 20630 CS
20630 20635 160
20635 20637 CS
20637 20642 48
20642 20644 CS
20644 20649 162
20649 20651 CS
20651 20656 49
20656 20658 CS
20658 20663 96
20663 20665 CS
20665 20670 98
20670 20672 CS
20672 20677 163
20677 20679 CS
20679 20684 165
20684 20686 CS
20686 20691 164
20691 20693 CS
20693 20698 97
20698 20700 CS
20700 20705 99
20705 20707 CS
20707 20712 167
20712 20714 CS
20714 20719 166
20719 20721 CS
20721 20726 27
20726 20728 CS
20728 20733 26
20733 20735 CS
20735 20740 168
20740 20742 CS
20742 20747 169
20747 20749 CS
20749 20754 170
20754 20756 CS
20756 20761 171
20761 20763 CS
20763 20768 100
20768 20770 CS
20770 20775 50
20775 20777 CS
20777 20782 172
20782 20784 CS
20784 20789 101
20789 20791 CS
20791 20796 173
20796 20798 CS
20798 20803 174
20803 20805 CS
20805 20810 175
20810 20812 CS
20812 20817 102
20817 20819 CS
20819 20824 176
20824 20826 CS
20826 20831 177
20831 20833 CS
20833 20838 17
20838 20840 CS
20840 20845 178
20845 20847 CS
20847 20852 51
20852 20854 CS
20854 20859 179
20859 20861 CS
20861 20866 180
20866 20868 CS
20868 20873 52
20873 20875 CS
20875 20880 103
20880 20882 CS
20882 20887 181
20887 20889 CS
20889 20894 182
20894 20896 CS
20896 20901 183
20901 20903 CS
20903 20908 28
20908 20910 CS
20910 20915 54
20915 20917 CS
20917 20922 185
20922 20924 CS
20924 20929 184
20929 20931 CS
20931 20936 104
20936 20938 CS
20938 20943 29
20943 20945 CS
20945 20950 53
20950 20952 CS
20952 20957 186
20957 20959 CS
20959 20964 18
20964 20966 CS
20966 20971 187
20971 20973 CS
20973 20978 30
20978 20980 CS
20980 20985 188
20985 20987 CS
20987 20992 55
20992 20994 CS
20994 20999 189
20999 21001 CS
21001 21006 11
21006 21008 CS
21008 21013 12
21013 21015 CS
21015 21020 105
21020 21022 CS
21022 21027 56
21027 21029 CS
21029 21034 106
21034 21036 CS
21036 21041 190
21041 21043 CS
21043 21048 191
21048 21050 CS
21050 21055 192
21055 21057 CS
21057 21062 31
21062 21064 CS
21064 21069 57
21069 21071 CS
21071 21076 193
21076 21078 CS
21078 21079 19
21079 21081 CS
21081 21086 194
21086 21088 CS
21088 21093 195
21093 21095 CS
21095 21100 107
21100 21102 CS
21102 21107 58
21107 21109 CS
21109 21114 59
21114 21116 CS
21116 21121 108
21121 21123 CS
21123 21128 196
21128 21130 CS
21130 21135 32
21135 21137 CS
21137 21138 33
21138 21140 CS
21140 21145 197
21145 21147 CS
21147 21152 60
21152 21154 CS
21154 21159 109
21159 21161 CS
21161 21166 198
21166 21168 CS
21168 21173 199
21173 21175 CS
21175 21180 110
21180 21182 CS
21182 21187 34
21187 21189 CS
21189 21194 61
21194 21196 CS
21196 21201 111
21201 21203 CS
21203 21208 112
21208 21210 CS
21210 21215 113
21215 21217 CS
21217 21222 20
21222 21224 CS
21224 21229 114
21229 21231 CS
21231 21236 116
21236 21238 CS
21238 21243 115
21243 21245 CS
21245 21246 36
21246 21248 CS
21248 21253 35
21253 21255 CS
21255 21260 117
21260 21262 CS
21262 21267 62
21267 21269 CS
21269 21274 119
21274 21276 CS
21276 21281 118
21281 21283 CS
21283 21288 120
21288 21290 CS
21290 21295 63
21295 21297 CS
21297 21302 21
21302 21304 CS
21304 21309 37
21309 21311 CS
21311 21316 64
21316 21318 CS
21318 21323 121
21323 21325 CS
21325 21330 122
21330 21332 CS
21332 21337 123
21337 21339 CS
21339 21344 13
21344 21346 CS
21346 21351 65
21351 21353 CS
21353 21358 38
21358 21360 CS
21360 21365 39
21365 21367 CS
21367 21372 66
21372 21374 CS
21374 21379 67
21379 21381 CS
21381 21386 124
21386 21388 CS
21388 21393 22
21393 21395 CS
21395 21400 125
21400 21402 CS
21402 21407 68
21407 21409 CS
21409 21414 69
21414 21416 CS
21416 21421 126
21421 21423 CS
21423 21428 40
21428 21430 CS
21430 21435 127
21435 21437 CS
21437 21442 70
21442 21444 CS
21444 21449 71
21449 21451 CS
21451 21456 128
21456 21458 CS
21458 21463 41
21463 21465 CS
21465 21470 72
21470 21472 CS
21472 21477 74
21477 21479 CS
21479 21484 129
21484 21486 CS
21486 21491 130
21491 21493 CS
21493 21498 131
21498 21500 CS
21500 21505 75
21505 21507 CS
21507 21512 132
21512 21514 CS
21514 21519 42
21519 21521 CS
21521 21526 73
21526 21528 CS
21528 21533 133
21533 21535 CS
21535 21540 134
21540 21542 CS
21542 21547 135
21547 21549 CS
21549 21554 76
21554 21556 CS
21556 21561 77
21561 21563 CS
21563 21568 136
21568 21570 CS
21570 21575 43
21575 21577 CS
21577 21582 78
21582 21584 CS
21584 21589 79
21589 21591 CS
21591 21596 44
21596 21598 CS
21598 21599 45
21599 21601 CS
21601 21606 137
21606 21608 CS
21608 21613 138
21613 21615 CS
21615 21620 80
21620 21622 CS
21622 21627 139
21627 21629 CS
21629 21634 140
21634 21636 CS
21636 21641 81
21641 21643 CS
21643 21648 82
21648 21650 CS
21650 21655 141
21655 21657 CS
21657 21662 9
21662 21664 CS
21664 21666 14
21666 21668 CS
21668 21670 46
21670 21672 CS
21672 21677 142
21677 21679 CS
21679 21684 143
21684 21686 CS
21686 21691 83
21691 21693 CS
21693 21698 144
21698 21700 CS
21700 21705 145
21705 21707 CS
21707 21712 146
21712 21714 CS
21714 21719 84
21719 21721 CS
21721 21726 85
21726 21728 CS
21728 21733 86
21733 21735 CS
21735 21740 147
21740 21742 CS
21742 21747 24
21747 21749 CS
21749 21754 148
21754 21756 CS
21756 21761 87
21761 21763 CS
21763 21768 88
21768 21770 CS
21770 21775 149
21775 21777 CS
21777 21782 89
21782 21784 CS
21784 21789 47
21789 21791 CS
21791 21796 25
21796 21798 CS
21798 21803 150
21803 21805 CS
21805 21810 91
21810 21812 CS
21812 21817 90
21817 21819 CS
21819 21824 152
21824 21826 CS
21826 21831 151
21831 21833 CS
21833 21838 93
21838 21840 CS
21840 21845 153
21845 21847 CS
21847 21852 154
21852 21854 CS
21854 21859 155
21859 21861 CS
21861 21866 92
21866 21868 CS
21868 21873 156
21873 21875 CS
21875 21880 157
21880 21882 CS
21882 21887 15
21887 21889 CS
21889 21894 94
21894 21896 CS
21896 21901 158
21901 21903 CS
21903 21908 95
21908 21910 CS
21910 21915 159
21915 21917 CS
21917 21922 161
21922 21924 CS
21924 21929 160
21929 21931 CS
21931 21936 48
21936 21938 CS
21938 21943 162
21943 21945 CS
21945 21946 49
21946 21948 CS
21948 21953 96
21953 21955 CS
21955 21960 98
21960 21962 CS
21962 21967 163
21967 21969 CS
21969 21974 165
21974 21976 CS
21976 21981 164
21981 21983 CS
21983 21988 97
21988 21990 CS
21990 21995 99
21995 21997 CS
21997 22002 167
22002 22004 CS
22004 22009 166
22009 22011 CS
22011 22016 27
22016 22018 CS
22018 22023 26
22023 22025 CS
22025 22030 168
22030 22032 CS
22032 22037 169
22037 22039 CS
22039 22044 170
22044 22046 CS
22046 22051 171
22051 22053 CS
22053 22058 100
22058 22060 CS
22060 22065 50
22065 22067 CS
22067 22072 172
22072 22074 CS
22074 22079 101
22079 22081 CS
22081 22086 173
22086 22088 CS
22088 22093 174
22093 22095 CS
22095 22100 175
22100 22102 CS
22102 22107 102
22107 22109 CS
22109 22114 176
22114 22116 CS
22116 22121 177
22121 22123 CS
22123 22128 17
22128 22130 CS
22130 22135 178
22135 22137 CS
22137 22142 51
22142 22144 CS
22144 22149 179
22149 22151 CS
22151 22156 180
22156 22158 CS
22158 22162 52
22162 22164 CS
22164 22169 103
22169 22171 CS
22171 22176 181
22176 22178 CS
22178 22183 182
22183 22185 CS
22185 22190 183
22190 22192 CS
22192 22197 28
22197 22199 CS
22199 22204 54
22204 22206 CS
22206 22211 185
22211 22213 CS
22213 22218 184
22218 22220 CS
22220 22225 104
22225 22227 CS
22227 22232 29
22232 22234 CS
22234 22239 53
22239 22241 CS
22241 22246 186
22246 22248 CS
22248 22253 18
22253 22255 CS
22255 22260 187
22260 22262 CS
22262 22267 30
22267 22269 CS
22269 22274 188
22274 22276 CS
22276 22281 55
22281 22283 CS
22283 22288 189
22288 22290 CS
22290 22295 11
22295 22297 CS
22297 22300 12
22300 22302 CS
22302 22307 105
22307 22309 CS
22309 22314 56
22314 22316 CS
22316 22321 106
22321 22323 CS
22323 22328 190
22328 22330 CS
22330 22335 191
22335 22337 CS
22337 22342 192
22342 22344 CS
22344 22349 31
22349 22351 CS
22351 22356 57
22356 22358 CS
22358 22363 193
22363 22365 CS
22365 22370 194
22370 22372 CS
22372 22377 195
22377 22379 CS
22379 22384 107
22384 22386 CS
22386 22391 58
22391 22393 CS
22393 22398 59
22398 22400 CS
22400 22405 108
22405 22407 CS
22407 22412 196
22412 22414 CS
22414 22419 32
22419 22421 CS
22421 22426 197
22426 22428 CS
22428 22433 109
22433 22435 CS
22435 22440 60
22440 22442 CS
22442 22447 198
22447 22449 CS
22449 22454 199
22454 22456 CS
22456 22461 110
22461 22463 CS
22463 22468 34
22468 22470 CS
22470 22471 61
22471 22473 CS
22473 22478 111
22478 22480 CS
22480 22485 112
22485 22487 CS
22487 22492 113
22492 22494 CS
22494 22499 20
22499 22501 CS
22501 22506 114
22506 22508 CS
22508 22513 116
22513 22515 CS
22515 22520 115
22520 22522 CS
22522 22527 35
22527 22529 CS
22529 22534 117
22534 22536 CS
22536 22541 62
22541 22543 CS
22543 22548 119
22548 22550 CS
22550 22555 118
22555 22557 CS
22557 22562 120
22562 22564 CS
22564 22569 63
22569 22571 CS
22571 22576 21
22576 22578 CS
22578 22583 37
22583 22585 CS
22585 22590 64
22590 22592 CS
22592 22597 121
22597 22599 CS
22599 22604 122
22604 22606 CS
22606 22611 123
22611 22613 CS
22613 22618 13
22618 22620 CS
22620 22625 65
22625 22627 CS
22627 22632 38
22632 22634 CS
22634 22639 39
22639 22641 CS
22641 22646 66
22646 22648 CS
22648 22653 67
22653 22655 CS
22655 22660 124
22660 22662 CS
22662 22667 125
22667 22669 CS
22669 22674 68
22674 22676 CS
22676 22681 69
22681 22683 CS
22683 22688 126
22688 22690 CS
22690 22695 40
22695 22697 CS
22697 22702 127
22702 22704 CS
22704 22709 70
22709 22711 CS
22711 22716 71
22716 22718 CS
22718 22723 128
22723 22725 CS
22725 22730 41
22730 22732 CS
22732 22737 72
22737 22739 CS
22739 22744 74
22744 22746 CS
22746 22751 129
22751 22753 CS
22753 22758 130
22758 22760 CS
22760 22765 131
22765 22767 CS
22767 22772 75
22772 22774 CS
22774 22779 132
22779 22781 CS
22781 22783 42
22783 22785 CS
22785 22790 73
22790 22792 CS
22792 22797 133
22797 22799 CS
22799 22804 134
22804 22806 CS
22806 22811 135
22811 22813 CS
22813 22818 76
22818 22820 CS
22820 22822 77
22822 22824 CS
22824 22829 136
22829 22831 CS
22831 22836 43
22836 22838 CS
22838 22840 79
22840 22842 CS
22842 22847 44
22847 22849 CS
22849 22854 137
22854 22856 CS
22856 22861 138
22861 22863 CS
22863 22868 80
22868 22870 CS
22870 22875 139
22875 22877 CS
22877 22882 140
22882 22884 CS
22884 22889 81
22889 22891 CS
22891 22896 82
22896 22898 CS
22898 22903 141
22903 22905 CS
22905 22910 9
22910 22912 CS
22912 22917 142
22917 22919 CS
22919 22924 143
22924 22926 CS
22926 22931 83
22931 22933 CS
22933 22938 144
22938 22940 CS
22940 22945 145
22945 22947 CS
22947 22952 146
22952 22954 CS
22954 22959 84
22959 22961 CS
22961 22966 85
22966 22968 CS
22968 22973 86
22973 22975 CS
22975 22980 147
22980 22982 CS
22982 22987 24
22987 22989 CS
22989 22994 148
22994 22996 CS
22996 23001 87
23001 23003 CS
23003 23008 88
23008 23010 CS
23010 23015 149
23015 23017 CS
23017 23022 89
23022 23024 CS
23024 23029 47
23029 23031 CS
23031 23036 25
23036 23038 CS
23038 23043 150
23043 23045 CS
23045 23050 91
23050 23052 CS
23052 23057 90
23057 23059 CS
23059 23064 152
23064 23066 CS
23066 23071 151
23071 23073 CS
23073 23078 93
23078 23080 CS
23080 23085 153
23085 23087 CS
23087 23092 154
23092 23094 CS
23094 23099 155
23099 23101 CS
23101 23106 92
23106 23108 CS
23108 23113 156
23113 23115 CS
23115 23120 157
23120 23122 CS
23122 23127 15
23127 23129 CS
23129 23134 94
23134 23136 CS
23136 23141 158
23141 23143 CS
23143 23148 95
23148 23150 CS
23150 23155 159
23155 23157 CS
23157 23162 161
23162 23164 CS
23164 23169 160
23169 23171 CS
23171 23176 48
23176 23178 CS
23178 23183 162
23183 23185 CS
23185 23190 96
23190 23192 CS
23192 23197 98
23197 23199 CS
23199 23204 163
23204 23206 CS
23206 23211 165
23211 23213 CS
23213 23218 164
23218 23220 CS
23220 23225 97
23225 23227 CS
23227 23232 99
23232 23234 CS
23234 23239 167
23239 23241 CS
23241 23246 166
23246 23248 CS
23248 23253 27
23253 23255 CS
23255 23260 26
23260 23262 CS
23262 23267 168
23267 23269 CS
23269 23274 169
23274 23276 CS
23276 23281 170
23281 23283 CS
23283 23288 171
23288 23290 CS
23290 23291 100
23291 23293 CS
23293 23298 50
23298 23300 CS
23300 23305 172
23305 23307 CS
23307 23312 101
23312 23314 CS
23314 23319 173
23319 23321 CS
23321 23326 174
23326 23328 CS
23328 23333 175
23333 23335 CS
23335 23340 102
23340 23342 CS
23342 23347 176
23347 23349 CS
23349 23354 177
23354 23356 CS
23356 23361 17
23361 23363 CS
23363 23368 178
23368 23370 CS
23370 23373 51
23373 23375 CS
23375 23380 179
23380 23382 CS
23382 23387 180
23387 23389 CS
23389 23394 103
23394 23396 CS
23396 23401 181
23401 23403 CS
23403 23408 182
23408 23410 CS
23410 23415 183
23415 23417 CS
23417 23420 28
23420 23422 CS
23422 23427 54
23427 23429 CS
23429 23434 185
23434 23436 CS
23436 23441 184
23441 23443 CS
23443 23448 104
23448 23450 CS
23450 23455 29
23455 23457 CS
23457 23462 53
23462 23464 CS
23464 23469 186
23469 23471 CS
23471 23476 18
23476 23478 CS
23478 23483 187
23483 23485 CS
23485 23490 30
23490 23492 CS
23492 23497 188
23497 23499 CS
23499 23504 55
23504 23506 CS
23506 23511 189
23511 23513 CS
23513 23518 11
23518 23520 CS
23520 23525 105
23525 23527 CS
23527 23532 56
23532 23534 CS
23534 23539 106
23539 23541 CS
23541 23546 190
23546 23548 CS
23548 23553 191
23553 23555 CS
23555 23560 192
23560 23562 CS
23562 23567 31
23567 23569 CS
23569 23574 57
23574 23576 CS
23576 23581 193
23581 23583 CS
23583 23588 194
23588 23590 CS
23590 23595 195
23595 23597 CS
23597 23602 107
23602 23604 CS
23604 23609 58
23609 23611 CS
23611 23616 59
23616 23618 CS
23618 23623 108
23623 23625 CS
23625 23630 196
23630 23632 CS
23632 23637 32
23637 23639 CS
23639 23644 197
23644 23646 CS
23646 23651 109
23651 23653 CS
23653 23658 60
23658 23660 CS
23660 23665 198
23665 23667 CS
23667 23672 199
23672 23674 CS
23674 23679 110
23679 23681 CS
23681 23682 34
23682 23684 CS
23684 23688 111
23688 23690 CS
23690 23695 112
23695 23697 CS
23697 23702 113
23702 23704 CS
23704 23709 20
23709 23711 CS
23711 23716 114
23716 23718 CS
23718 23723 116
23723 23725 CS
23725 23730 35
23730 23732 CS
23732 23737 115
23737 23739 CS
23739 23744 117
23744 23746 CS
23746 23751 62
23751 23753 CS
23753 23758 119
23758 23760 CS
23760 23765 118
23765 23767 CS
23767 23772 120
23772 23774 CS
23774 23779 63
23779 23781 CS
23781 23785 21
23785 23787 CS
23787 23792 37
23792 23794 CS
23794 23799 64
23799 23801 CS
23801 23806 121
23806 23808 CS
23808 23813 122
23813 23815 CS
23815 23820 123
23820 23822 CS
23822 23827 13
23827 23829 CS
23829 23834 65
23834 23836 CS
23836 23841 38
23841 23843 CS
23843 23848 67
23848 23850 CS
23850 23855 124
23855 23857 CS
23857 23862 125
23862 23864 CS
23864 23869 68
23869 23871 CS
23871 23876 69
23876 23878 CS
23878 23883 126
23883 23885 CS
23885 23890 127
23890 23892 CS
23892 23897 70
23897 23899 CS
23899 23900 71
23900 23902 CS
23902 23907 128
23907 23909 CS
23909 23914 41
23914 23916 CS
23916 23921 72
23921 23923 CS
23923 23928 74
23928 23930 CS
23930 23935 129
23935 23937 CS
23937 23942 130
23942 23944 CS
23944 23949 131
23949 23951 CS
23951 23956 75
23956 23958 CS
23958 23963 132
23963 23965 CS
23965 23970 73
23970 23972 CS
23972 23977 133
23977 23979 CS
23979 23984 134
23984 23986 CS
23986 23991 135
23991 23993 CS
23993 23995 76
23995 23997 CS
23997 24002 136
24002 24004 CS
24004 24009 43
24009 24011 CS
24011 24016 44
24016 24018 CS
24018 24023 137
24023 24025 CS
24025 24030 138
24030 24032 CS
24032 24037 80
24037 24039 CS
24039 24044 139
24044 24046 CS
24046 24051 140
24051 24053 CS
24053 24058 81
24058 24060 CS
24060 24061 82
24061 24063 CS
24063 24068 141
24068 24070 CS
24070 24075 9
24075 24077 CS
24077 24078 143
24078 24080 CS
24080 24085 83
24085 24087 CS
24087 24092 144
24092 24094 CS
24094 24099 145
24099 24101 CS
24101 24106 146
24106 24108 CS
24108 24113 84
24113 24115 CS
24115 24120 85
24120 24122 CS
24122 24127 86
24127 24129 CS
24129 24134 147
24134 24136 CS
24136 24141 24
24141 24143 CS
24143 24148 148
24148 24150 CS
24150 24155 87
24155 24157 CS
24157 24162 88
24162 24164 CS
24164 24169 149
24169 24171 CS
24171 24176 89
24176 24178 CS
24178 24183 47
24183 24185 CS
24185 24190 25
24190 24192 CS
24192 24193 150
24193 24195 CS
24195 24200 91
24200 24202 CS
24202 24207 90
24207 24209 CS
24209 24214 152
24214 24216 CS
24216 24221 151
24221 24223 CS
24223 24228 93
24228 24230 CS
24230 24235 153
24235 24237 CS
24237 24242 154
24242 24244 CS
24244 24249 155
24249 24251 CS
24251 24256 92
24256 24258 CS
24258 24263 156
24263 24265 CS
24265 24270 157
24270 24272 CS
24272 24277 15
24277 24279 CS
24279 24284 94
24284 24286 CS
24286 24291 158
24291 24293 CS
24293 24298 95
24298 24300 CS
24300 24305 159
24305 24307 CS
24307 24312 161
24312 24314 CS
24314 24319 160
24319 24321 CS
24321 24326 48
24326 24328 CS
24328 24333 162
24333 24335 CS
24335 24340 96
24340 24342 CS
24342 24347 98
24347 24349 CS
24349 24353 163
24353 24355 CS
24355 24360 165
24360 24362 CS
24362 24367 164
24367 24369 CS
24369 24374 97
24374 24376 CS
24376 24381 99
24381 24383 CS
24383 24388 167
24388 24390 CS
24390 24395 166
24395 24397 CS
24397 24402 27
24402 24404 CS
24404 24409 26
24409 24411 CS
24411 24416 168
24416 24418 CS
24418 24423 169
24423 24425 CS
24425 24430 170
24430 24432 CS
24432 24437 171
24437 24439 CS
24439 24444 50
24444 24446 CS
24446 24451 172
24451 24453 CS
24453 24458 101
24458 24460 CS
24460 24465 173
24465 24467 CS
24467 24472 174
24472 24474 CS
24474 24478 175
24478 24480 CS
24480 24484 102
24484 24486 CS
24486 24491 176
24491 24493 CS
24493 24498 177
24498 24500 CS
24500 24505 17
24505 24507 CS
24507 24512 178
24512 24514 CS
24514 24519 179
24519 24521 CS
24521 24526 180
24526 24528 CS
24528 24533 103
24533 24535 CS
24535 24536 181
24536 24538 CS
24538 24543 182
24543 24545 CS
24545 24550 183
24550 24552 CS
24552 24557 54
24557 24559 CS
24559 24564 185
24564 24566 CS
24566 24571 184
24571 24573 CS
24573 24578 104
24578 24580 CS
24580 24585 29
24585 24587 CS
24587 24592 53
24592 24594 CS
24594 24599 186
24599 24601 CS
24601 24604 18
24604 24606 CS
24606 24611 187
24611 24613 CS
24613 24618 30
24618 24620 CS
24620 24625 188
24625 24627 CS
24627 24632 55
24632 24634 CS
24634 24639 189
24639 24641 CS
24641 24642 11
24642 24644 CS
24644 24649 105
24649 24651 CS
24651 24656 56
24656 24658 CS
24658 24663 106
24663 24665 CS
24665 24667 190
24667 24669 CS
24669 24674 191
24674 24676 CS
24676 24681 192
24681 24683 CS
24683 24688 31
24688 24690 CS
24690 24695 57
24695 24697 CS
24697 24702 193
24702 24704 CS
24704 24709 194
24709 24711 CS
24711 24716 195
24716 24718 CS
24718 24722 107
24722 24724 CS
24724 24729 58
24729 24731 CS
24731 24736 59
24736 24738 CS
24738 24743 108
24743 24745 CS
24745 24750 196
24750 24752 CS
24752 24757 32
24757 24759 CS
24759 24764 197
24764 24766 CS
24766 24771 109
24771 24773 CS
24773 24778 60
24778 24780 CS
24780 24785 198
24785 24787 CS
24787 24792 199
24792 24794 CS
24794 24799 110
24799 24801 CS
24801 24806 112
24806 24808 CS
24808 24813 113
24813 24815 CS
24815 24818 20
24818 24820 CS
24820 24825 114
24825 24827 CS
24827 24828 35
24828 24830 CS
24830 24835 116
24835 24837 CS
24837 24842 115
24842 24844 CS
24844 24847 117
24847 24849 CS
24849 24854 62
24854 24856 CS
24856 24861 119
24861 24863 CS
24863 24868 118
24868 24870 CS
24870 24875 120
24875 24877 CS
24877 24882 63
24882 24884 CS
24884 24886 37
24886 24888 CS
24888 24893 64
24893 24895 CS
24895 24900 121
24900 24902 CS
24902 24907 122
24907 24909 CS
24909 24914 123
24914 24916 CS
24916 24921 13
24921 24923 CS
24923 24928 65
24928 24930 CS
24930 24935 38
24935 24937 CS
24937 24942 67
24942 24944 CS
24944 24949 124
24949 24951 CS
24951 24956 125
24956 24958 CS
24958 24963 68
24963 24965 CS
24965 24970 69
24970 24972 CS
24972 24977 126
24977 24979 CS
24979 24984 127
24984 24986 CS
24986 24991 70
24991 24993 CS
24993 24998 128
24998 25000 CS
25000 25003 41
25003 25005 CS
25005 25010 72
25010 25012 CS
25012 25017 74
25017 25019 CS
25019 25024 129
25024 25026 CS
25026 25030 130
25030 25032 CS
25032 25037 131
25037 25039 CS
25039 25044 75
25044 25046 CS
25046 25051 132
25051 25053 CS
25053 25058 73
25058 25060 CS
25060 25065 133
25065 25067 CS
25067 25072 43
25072 25074 CS
25074 25079 44
25079 25081 CS
25081 25086 137
25086 25088 CS
25088 25093 138
25093 25095 CS
25095 25100 80
25100 25102 CS
25102 25107 139
25107 25109 CS
25109 25114 140
25114 25116 CS
25116 25121 141
25121 25123 CS
25123 25124 9
25124 25126 CS
25126 25131 83
25131 25133 CS
25133 25138 144
25138 25140 CS
25140 25145 145
25145 25147 CS
25147 25152 146
25152 25154 CS
25154 25159 84
25159 25161 CS
25161 25166 85
25166 25168 CS
25168 25173 86
25173 25175 CS
25175 25180 147
25180 25182 CS
25182 25187 24
25187 25189 CS
25189 25191 148
25191 25193 CS
25193 25198 87
25198 25200 CS
25200 25205 88
25205 25207 CS
25207 25212 149
25212 25214 CS
25214 25217 89
25217 25219 CS
25219 25224 47
25224 25226 CS
25226 25231 25
25231 25233 CS
25233 25238 91
25238 25240 CS
25240 25245 90
25245 25247 CS
25247 25252 152
25252 25254 CS
25254 25259 151
25259 25261 CS
25261 25266 93
25266 25268 CS
25268 25273 153
25273 25275 CS
25275 25280 154
25280 25282 CS
25282 25287 155
25287 25289 CS
25289 25294 92
25294 25296 CS
25296 25301 156
25301 25303 CS
25303 25308 157
25308 25310 CS
25310 25315 15
25315 25317 CS
25317 25321 94
25321 25323 CS
25323 25328 158
25328 25330 CS
25330 25331 95
25331 25333 CS
25333 25338 159
25338 25340 CS
25340 25345 161
25345 25347 CS
25347 25352 160
25352 25354 CS
25354 25359 48
25359 25361 CS
25361 25366 162
25366 25368 CS
25368 25373 96
25373 25375 CS
25375 25379 98
25379 25381 CS
25381 25386 165
25386 25388 CS
25388 25393 164
25393 25395 CS
25395 25400 97
25400 25402 CS
25402 25407 99
25407 25409 CS
25409 25414 167
25414 25416 CS
25416 25421 166
25421 25423 CS
25423 25428 27
25428 25430 CS
25430 25435 26
25435 25437 CS
25437 25442 168
25442 25444 CS
25444 25449 169
25449 25451 CS
25451 25456 170
25456 25458 CS
25458 25463 171
25463 25465 CS
25465 25470 50
25470 25472 CS
25472 25477 172
25477 25479 CS
25479 25484 101
25484 25486 CS
25486 25491 173
25491 25493 CS
25493 25498 174
25498 25500 CS
25500 25505 176
25505 25507 CS
25507 25512 177
25512 25514 CS
25514 25519 178
25519 25521 CS
25521 25526 179
25526 25528 CS
25528 25533 180
25533 25535 CS
25535 25540 103
25540 25542 CS
25542 25547 182
25547 25549 CS
25549 25554 183
25554 25556 CS
25556 25561 54
25561 25563 CS
25563 25568 185
25568 25570 CS
25570 25574 184
25574 25576 CS
25576 25577 104
25577 25579 CS
25579 25582 29
25582 25584 CS
25584 25589 53
25589 25591 CS
25591 25596 186
25596 25598 CS
25598 25603 187
25603 25605 CS
25605 25610 30
25610 25612 CS
25612 25617 188
25617 25619 CS
25619 25624 55
25624 25626 CS
25626 25631 189
25631 25633 CS
25633 25638 105
25638 25640 CS
25640 25645 56
25645 25647 CS
25647 25652 106
25652 25654 CS
25654 25659 191
25659 25661 CS
25661 25666 192
25666 25668 CS
25668 25673 31
25673 25675 CS
25675 25680 57
25680 25682 CS
25682 25687 193
25687 25689 CS
25689 25690 194
25690 25692 CS
25692 25697 195
25697 25699 CS
25699 25704 58
25704 25706 CS
25706 25711 59
25711 25713 CS
25713 25718 108
25718 25720 CS
25720 25725 196
25725 25727 CS
25727 25732 32
25732 25734 CS
25734 25739 197
25739 25741 CS
25741 25744 109
25744 25746 CS
25746 25751 60
25751 25753 CS
25753 25758 198
25758 25760 CS
25760 25765 199
25765 25767 CS
25767 25772 112
25772 25774 CS
25774 25779 113
25779 25781 CS
25781 25786 114
25786 25788 CS
25788 25793 116
25793 25795 CS
25795 25800 115
25800 25802 CS
25802 25807 62
25807 25809 CS
25809 25814 119
25814 25816 CS
25816 25821 118
25821 25823 CS
25823 25828 120
25828 25830 CS
25830 25832 63
25832 25834 CS
25834 25839 64
25839 25841 CS
25841 25846 121
25846 25848 CS
25848 25853 122
25853 25855 CS
25855 25860 123
25860 25862 CS
25862 25864 13
25864 25866 CS
25866 25871 65
25871 25873 CS
25873 25878 38
25878 25880 CS
25880 25885 67
25885 25887 CS
25887 25891 124
25891 25893 CS
25893 25898 125
25898 25900 CS
25900 25905 68
25905 25907 CS
25907 25912 69
25912 25914 CS
25914 25917 126
25917 25919 CS
25919 25924 127
25924 25926 CS
25926 25931 70
25931 25933 CS
25933 25938 128
25938 25940 CS
25940 25945 72
25945 25947 CS
25947 25952 74
25952 25954 CS
25954 25959 129
25959 25961 CS
25961 25966 131
25966 25968 CS
25968 25970 75
25970 25972 CS
25972 25977 132
25977 25979 CS
25979 25984 73
25984 25986 CS
25986 25991 43
25991 25993 CS
25993 25998 44
25998 26000 CS
26000 26005 137
26005 26007 CS
26007 26012 138
26012 26014 CS
26014 26019 80
26019 26021 CS
26021 26026 139
26026 26028 CS
26028 26033 140
26033 26035 CS
26035 26040 141
26040 26042 CS
26042 26047 83
26047 26049 CS
26049 26054 144
26054 26056 CS
26056 26061 145
26061 26063 CS
26063 26068 146
26068 26070 CS
26070 26075 84
26075 26077 CS
26077 26082 85
26082 26084 CS
26084 26087 86
26087 26089 CS
26089 26094 24
26094 26096 CS
26096 26101 87
26101 26103 CS
26103 26108 88
26108 26110 CS
26110 26113 149
26113 26115 CS
26115 26120 47
26120 26122 CS
26122 26127 25
26127 26129 CS
26129 26134 91
26134 26136 CS
26136 26141 90
26141 26143 CS
26143 26148 152
26148 26150 CS
26150 26155 151
26155 26157 CS
26157 26162 93
26162 26164 CS
26164 26169 153
26169 26171 CS
26171 26176 154
26176 26178 CS
26178 26183 155
26183 26185 CS
26185 26190 92
26190 26192 CS
26192 26197 156
26197 26199 CS
26199 26204 157
26204 26206 CS
26206 26207 15
26207 26209 CS
26209 26214 158
26214 26216 CS
26216 26221 159
26221 26223 CS
26223 26228 161
26228 26230 CS
26230 26235 160
26235 26237 CS
26237 26242 48
26242 26244 CS
26244 26249 162
26249 26251 CS
26251 26255 96
26255 26257 CS
26257 26262 165
26262 26264 CS
26264 26269 164
26269 26271 CS
26271 26276 97
26276 26278 CS
26278 26280 99
26280 26282 CS
26282 26287 167
26287 26289 CS
26289 26290 166
26290 26292 CS
26292 26297 27
26297 26299 CS
26299 26304 26
26304 26306 CS
26306 26311 168
26311 26313 CS
26313 26318 169
26318 26320 CS
26320 26325 170
26325 26327 CS
26327 26332 171
26332 26334 CS
26334 26339 50
26339 26341 CS
26341 26346 101
26346 26348 CS
26348 26353 173
26353 26355 CS
26355 26358 174
26358 26360 CS
26360 26365 176
26365 26367 CS
26367 26372 177
26372 26374 CS
26374 26378 178
26378 26380 CS
26380 26385 179
26385 26387 CS
26387 26391 180
26391 26393 CS
26393 26398 103
26398 26400 CS
26400 26405 182
26405 26407 CS
26407 26412 183
26412 26414 CS
26414 26419 54
26419 26421 CS
26421 26426 53
26426 26428 CS
26428 26433 186
26433 26435 CS
26435 26440 187
26440 26442 CS
26442 26447 30
26447 26449 CS
26449 26454 188
26454 26456 CS
26456 26461 55
26461 26463 CS
26463 26468 189
26468 26470 CS
26470 26475 105
26475 26477 CS
26477 26482 56
26482 26484 CS
26484 26489 106
26489 26491 CS
26491 26494 191
26494 26496 CS
26496 26501 192
26501 26503 CS
26503 26504 31
26504 26506 CS
26506 26508 57
26508 26510 CS
26510 26515 193
26515 26517 CS
26517 26522 195
26522 26524 CS
26524 26529 58
26529 26531 CS
26531 26535 59
26535 26537 CS
26537 26542 108
26542 26544 CS
26544 26549 196
26549 26551 CS
26551 26556 32
26556 26558 CS
26558 26563 197
26563 26565 CS
26565 26570 198
26570 26572 CS
26572 26575 199
26575 26577 CS
26577 26582 112
26582 26584 CS
26584 26589 113
26589 26591 CS
26591 26596 114
26596 26598 CS
26598 26603 116
26603 26605 CS
26605 26610 62
26610 26612 CS
26612 26617 115
26617 26619 CS
26619 26624 119
26624 26626 CS
26626 26631 118
26631 26633 CS
26633 26638 120
26638 26640 CS
26640 26645 64
26645 26647 CS
26647 26652 121
26652 26654 CS
26654 26659 122
26659 26661 CS
26661 26666 123
26666 26668 CS
26668 26673 65
26673 26675 CS
26675 26680 38
26680 26682 CS
26682 26687 67
26687 26689 CS
26689 26694 125
26694 26696 CS
26696 26701 68
26701 26703 CS
26703 26704 69
26704 26706 CS
26706 26711 127
26711 26713 CS
26713 26718 70
26718 26720 CS
26720 26725 128
26725 26727 CS
26727 26731 72
26731 26733 CS
26733 26738 74
26738 26740 CS
26740 26745 131
26745 26747 CS
26747 26752 129
26752 26754 CS
26754 26759 132
26759 26761 CS
26761 26766 73
26766 26768 CS
26768 26769 43
26769 26771 CS
26771 26776 44
26776 26778 CS
26778 26783 137
26783 26785 CS
26785 26790 138
26790 26792 CS
26792 26797 80
26797 26799 CS
26799 26804 139
26804 26806 CS
26806 26811 140
26811 26813 CS
26813 26815 141
26815 26817 CS
26817 26822 83
26822 26824 CS
26824 26825 144
26825 26827 CS
26827 26832 145
26832 26834 CS
26834 26835 146
26835 26837 CS
26837 26842 84
26842 26844 CS
26844 26849 24
26849 26851 CS
26851 26853 47
26853 26855 CS
26855 26860 25
26860 26862 CS
26862 26867 91
26867 26869 CS
26869 26874 90
26874 26876 CS
26876 26881 152
26881 26883 CS
26883 26888 151
26888 26890 CS
26890 26895 93
26895 26897 CS
26897 26902 153
26902 26904 CS
26904 26909 154
26909 26911 CS
26911 26916 155
26916 26918 CS
26918 26921 92
26921 26923 CS
26923 26928 156
26928 26930 CS
26930 26932 157
26932 26934 CS
26934 26939 158
26939 26941 CS
26941 26946 159
26946 26948 CS
26948 26953 161
26953 26955 CS
26955 26960 160
26960 26962 CS
26962 26967 48
26967 26969 CS
26969 26974 162
26974 26976 CS
26976 26981 165
26981 26983 CS
26983 26986 164
26986 26988 CS
26988 26993 97
26993 26995 CS
26995 26996 167
26996 26998 CS
26998 27000 27
27000 27002 CS
27002 27007 26
27007 27009 CS
27009 27014 168
27014 27016 CS
27016 27021 169
27021 27023 CS
27023 27028 170
27028 27030 CS
27030 27035 171
27035 27037 CS
27037 27042 50
27042 27044 CS
27044 27046 101
27046 27048 CS
27048 27050 173
27050 27052 CS
27052 27057 176
27057 27059 CS
27059 27064 177
27064 27066 CS
27066 27071 179
27071 27073 CS
27073 27078 182
27078 27080 CS
27080 27085 183
27085 27087 CS
27087 27092 54
27092 27094 CS
27094 27095 53
27095 27097 CS
27097 27102 186
27102 27104 CS
27104 27106 30
27106 27108 CS
27108 27112 188
27112 27114 CS
27114 27119 55
27119 27121 CS
27121 27126 189
27126 27128 CS
27128 27133 56
27133 27135 CS
27135 27140 106
27140 27142 CS
27142 27147 192
27147 27149 CS
27149 27151 193
27151 27153 CS
27153 27158 195
27158 27160 CS
27160 27162 58
27162 27164 CS
27164 27169 108
27169 27171 CS
27171 27176 32
27176 27178 CS
27178 27183 197
27183 27185 CS
27185 27190 198
27190 27192 CS
27192 27197 112
27197 27199 CS
27199 27204 113
27204 27206 CS
27206 27207 114
27207 27209 CS
27209 27214 62
27214 27216 CS
27216 27218 116
27218 27220 CS
27220 27225 119
27225 27227 CS
27227 27232 115
27232 27234 CS
27234 27239 118
27239 27241 CS
27241 27246 120
27246 27248 CS
27248 27253 64
27253 27255 CS
27255 27260 121
27260 27262 CS
27262 27267 122
27267 27269 CS
27269 27274 123
27274 27276 CS
27276 27281 65
27281 27283 CS
27283 27288 38
27288 27290 CS
27290 27295 67
27295 27297 CS
27297 27300 125
27300 27302 CS
27302 27307 68
27307 27309 CS
27309 27314 127
27314 27316 CS
27316 27321 70
27321 27323 CS
27323 27328 128
27328 27330 CS
27330 27335 74
27335 27337 CS
27337 27342 131
27342 27344 CS
27344 27349 129
27349 27351 CS
27351 27356 132
27356 27358 CS
27358 27363 73
27363 27365 CS
27365 27367 44
27367 27369 CS
27369 27373 137
27373 27375 CS
27375 27380 80
27380 27382 CS
27382 27387 139
27387 27389 CS
27389 27394 140
27394 27396 CS
27396 27401 83
27401 27403 CS
27403 27408 145
27408 27410 CS
27410 27415 84
27415 27417 CS
27417 27418 25
27418 27420 CS
27420 27425 91
27425 27427 CS
27427 27432 90
27432 27434 CS
27434 27437 152
27437 27439 CS
27439 27444 151
27444 27446 CS
27446 27449 93
27449 27451 CS
27451 27453 153
27453 27455 CS
27455 27460 154
27460 27462 CS
27462 27467 155
27467 27469 CS
27469 27473 156
27473 27475 CS
27475 27480 158
27480 27482 CS
27482 27487 159
27487 27489 CS
27489 27494 161
27494 27496 CS
27496 27501 160
27501 27503 CS
27503 27508 48
27508 27510 CS
27510 27515 162
27515 27517 CS
27517 27522 165
27522 27524 CS
27524 27529 97
27529 27531 CS
27531 27536 168
27536 27538 CS
27538 27543 169
27543 27545 CS
27545 27550 170
27550 27552 CS
27552 27557 171
27557 27559 CS
27559 27564 50
27564 27566 CS
27566 27571 176
27571 27573 CS
27573 27578 177
27578 27580 CS
27580 27585 179
27585 27587 CS
27587 27592 182
27592 27594 CS
27594 27599 183
27599 27601 CS
27601 27606 54
27606 27608 CS
27608 27613 186
27613 27615 CS
27615 27620 55
27620 27622 CS
27622 27627 56
27627 27629 CS
27629 27634 106
27634 27636 CS
27636 27641 192
27641 27643 CS
27643 27648 195
27648 27650 CS
27650 27655 108
27655 27657 CS
27657 27661 32
27661 27663 CS
27663 27667 197
27667 27669 CS
27669 27670 198
27670 27672 CS
27672 27677 112
27677 27679 CS
27679 27684 113
27684 27686 CS
27686 27691 62
27691 27693 CS
27693 27698 119
27698 27700 CS
27700 27701 115
27701 27703 CS
27703 27708 120
27708 27710 CS
27710 27715 64
27715 27717 CS
27717 27722 121
27722 27724 CS
27724 27729 122
27729 27731 CS
27731 27736 123
27736 27738 CS
27738 27742 65
27742 27744 CS
27744 27748 38
27748 27750 CS
27750 27754 67
27754 27756 CS
27756 27761 68
27761 27763 CS
27763 27768 127
27768 27770 CS
27770 27775 70
27775 27777 CS
27777 27781 128
27781 27783 CS
27783 27788 74
27788 27790 CS
27790 27795 131
27795 27797 CS
27797 27802 129
27802 27804 CS
27804 27809 132
27809 27811 CS
27811 27816 73
27816 27818 CS
27818 27823 80
27823 27825 CS
27825 27830 139
27830 27832 CS
27832 27837 140
27837 27839 CS
27839 27843 83
27843 27845 CS
27845 27850 145
27850 27852 CS
27852 27856 91
27856 27858 CS
27858 27863 151
27863 27865 CS
27865 27868 154
27868 27870 CS
27870 27875 158
27875 27877 CS
27877 27882 159
27882 27884 CS
27884 27889 161
27889 27891 CS
27891 27894 160
27894 27896 CS
27896 27901 48
27901 27903 CS
27903 27908 165
27908 27910 CS
27910 27915 97
27915 27917 CS
27917 27921 168
27921 27923 CS
27923 27928 169
27928 27930 CS
27930 27935 170
27935 27937 CS
27937 27940 171
27940 27942 CS
27942 27947 50
27947 27949 CS
27949 27954 176
27954 27956 CS
27956 27961 177
27961 27963 CS
27963 27968 179
27968 27970 CS
27970 27972 182
27972 27974 CS
27974 27979 183
27979 27981 CS
27981 27984 186
27984 27986 CS
27986 27987 55
27987 27989 CS
27989 27993 56
27993 27995 CS
27995 28000 106
28000 28002 CS
28002 28007 192
28007 28009 CS
28009 28012 195
28012 28014 CS
28014 28019 108
28019 28021 CS
28021 28026 112
28026 28028 CS
28028 28032 113
28032 28034 CS
28034 28035 62
28035 28037 CS
28037 28038 119
28038 28040 CS
28040 28042 120
28042 28044 CS
28044 28049 121
28049 28051 CS
28051 28056 123
28056 28058 CS
28058 28061 68
28061 28063 CS
28063 28068 127
28068 28070 CS
28070 28073 70
28073 28075 CS
28075 28080 131
28080 28082 CS
28082 28087 129
28087 28089 CS
28089 28094 132
28094 28096 CS
28096 28100 73
28100 28102 CS
28102 28104 80
28104 28106 CS
28106 28107 139
28107 28109 CS
28109 28113 140
28113 28115 CS
28115 28119 145
28119 28121 CS
28121 28125 151
28125 28127 CS
28127 28129 158
28129 28131 CS
28131 28134 159
28134 28136 CS
28136 28139 161
28139 28141 CS
28141 28146 165
28146 28148 CS
28148 28152 97
28152 28154 CS
28154 28156 169
28156 28158 CS
28158 28163 170
28163 28165 CS
28165 28170 176
28170 28172 CS
28172 28177 177
28177 28179 CS
28179 28184 183
28184 28186 CS
28186 28189 106
28189 28191 CS
28191 28194 192
28194 28196 CS
28196 28200 108
28200 28202 CS
28202 28207 121
28207 28209 CS
28209 28213 123
28213 28215 CS
28215 28216 131
28216 28218 CS
28218 28221 129
28221 28223 CS
28223 28228 132
28228 28230 CS
28230 28235 165
28235 28237 CS
28237 28239 170
28239 28241 CS
28241 28246 183
